T2M,T2M_MAX,T2M_MIN,PRECTOTCORR,RH2M,WS50M,WS50M_MAX,WS50M_MIN,PM2.5
28.29,34.65,23.4,5.95,67.94,5.19,7.7,2.67,34.49
29.12,36.17,23.28,2.08,66.56,5.68,7.59,3.39,27.89
29.19,36.48,23.39,7.67,67.56,5.38,7.5,3.14,21.64
29.26,36.38,23.4,5.68,66.5,5.2,7.64,3.12,23.07
30.48,38.27,24.51,2.63,63.5,5.32,7.64,3.66,21.27
29.91,38.02,24.06,2.42,58.44,5.27,7.4,3.41,31.02
30.46,39.12,22.92,0.07,62.94,4.89,7.34,3.23,26.74
31.33,39.32,25.19,1.18,63.69,6.09,7.97,4.31,11.89
31.42,38.52,26.2,5.07,68.31,4.98,8.04,1.71,0.72
29.76,33.02,27.26,3.16,80.12,4.23,5.82,3.15,0.42
30.21,34.52,26.74,7.24,76.81,4.15,5.95,2.8,0.3
32.47,39.12,27.57,0.02,68.56,6.58,9.51,4.13,28.1
32.4,39.6,27.12,0.04,66.88,5.39,8.45,2.81,46.81
30.69,35.09,27.88,0.76,71.56,6.51,8.56,3.99,45.93
32.19,38.23,27.61,0.26,70.81,4.95,7.6,0.57,49.2
31.7,36.62,27.69,0.19,71.38,4.06,6.53,0.46,38.66
30.23,32.44,28.5,2.72,83.38,5.1,6.72,4.27,24.22
29.33,32.09,27.19,7.46,82.25,5.8,6.8,4.85,31.2
29.26,32.62,26.8,1.69,80.81,5.43,6.98,4.43,25.35
28.92,31.6,27.08,5.21,84.81,6.5,7.72,5.59,22.8
28.92,31.94,26.74,12.52,84.69,6.97,8.01,5.98,25.33
28.69,30.8,27.13,40.07,88.31,6.34,8.32,4.12,26.96
27.83,30.0,26.23,39.09,87.38,4.16,7.93,1.14,30.65
28.0,31.49,25.7,16.93,88.06,5.27,7.52,3.7,22.06
28.03,31.44,25.69,4.06,86.06,6.49,9.62,3.12,21.8
28.84,32.58,26.13,2.83,81.62,5.43,7.45,4.0,16.51
29.29,33.15,26.31,0.11,81.12,6.95,8.02,5.12,28.12
29.17,32.49,26.93,2.34,83.69,7.02,8.23,5.48,27.89
29.12,32.33,26.67,1.62,83.81,6.69,8.16,6.16,28.93
28.52,31.64,26.55,15.69,86.25,7.2,8.95,5.84,28.58
28.04,30.05,26.6,11.55,89.19,6.95,9.0,5.57,32.82
29.38,33.42,25.58,2.85,81.19,4.77,6.75,2.28,40.57
30.04,34.01,26.55,13.96,80.44,3.32,6.58,0.19,39.59
29.9,33.85,27.06,3.57,82.81,4.25,6.66,1.34,17.87
29.01,32.13,26.85,3.02,85.19,4.39,7.14,0.88,9.96
29.52,33.24,26.78,8.25,83.81,5.89,7.8,4.33,15.83
29.4,33.05,27.27,9.79,86.12,4.95,6.59,3.21,18.99
29.31,32.42,27.03,2.17,84.81,4.41,6.52,2.85,17.3
29.06,32.27,26.76,6.8,85.81,4.27,5.67,2.23,18.41
29.02,31.7,27.01,5.07,87.5,4.24,5.02,2.97,13.44
29.17,31.87,26.72,8.17,87.0,5.18,6.56,2.23,12.03
29.08,32.61,26.58,10.1,86.69,6.77,9.38,4.86,7.73
29.23,32.94,26.55,13.73,84.75,6.34,8.43,4.34,7.73
29.51,33.12,27.35,11.39,84.12,8.34,9.95,6.18,13.29
30.0,33.61,27.0,4.71,84.19,4.05,5.84,2.33,13.36
30.44,33.98,27.66,5.22,83.06,3.86,5.6,1.09,17.01
30.01,33.19,27.48,15.37,86.12,3.81,5.1,0.53,16.76
29.29,33.01,26.73,14.27,86.88,7.29,9.54,5.34,6
28.87,31.76,27.26,47.72,88.44,9.35,12.65,6.25,6.97
28.92,31.93,26.92,22.01,85.0,7.4,9.25,5.43,22.01
28.68,31.69,26.78,8.56,87.19,5.17,7.52,3.77,24.05
28.12,30.18,26.76,14.49,89.19,6.27,7.48,5.16,31.74
27.76,29.73,26.54,23.58,90.38,5.86,7.2,4.63,24.5
27.58,29.62,25.72,20.11,89.12,6.55,7.53,4.62,27.63
28.33,31.44,25.94,12.3,88.06,5.38,7.21,3.3,41.22
28.26,30.88,26.45,11.97,88.81,6.13,7.48,5.27,44.55
28.58,31.0,26.8,9.37,87.75,6.73,7.98,5.37,32.08
28.43,31.25,26.33,14.92,87.25,5.12,6.79,3.55,36.79
27.76,30.3,26.03,22.03,87.5,7.68,10.68,5.95,25.65
27.68,30.65,25.76,2.13,86.12,6.61,7.61,5.22,33.54
28.49,31.55,26.01,3.99,86.12,5.21,7.07,3.44,41.4
28.93,32.76,25.45,8.22,84.25,4.81,5.58,3.8,42.77
28.49,31.14,26.69,21.66,89.75,4.31,5.54,3.1,33.09
28.06,30.01,26.31,31.76,92.88,3.98,6.96,2.01,33.58
28.19,30.55,26.62,8.68,89.81,6.7,8.73,4.59,15.1
28.23,31.4,26.01,5.39,87.62,7.05,8.09,5.77,17.76
28.3,31.83,25.63,4.38,86.5,4.73,5.53,3.73,17.82
28.77,32.51,25.88,1.57,86.44,4.27,6.45,2.48,22.59
28.62,31.02,26.53,2.01,89.62,4.64,5.87,3.48,18.99
28.76,31.79,26.38,5.06,87.44,4.02,5.92,2.85,15.89
29.19,32.54,26.23,5.0,85.75,3.07,4.91,1.03,13.74
28.93,31.62,26.55,9.1,89.0,4.12,5.97,2.02,11.38
28.75,31.17,27.03,7.6,89.62,8.04,12.07,5.92,6.61
28.59,31.83,26.62,3.01,88.06,6.8,7.71,5.34,11.91
28.55,31.55,26.11,9.13,87.0,3.84,4.67,3.09,16.28
28.78,31.37,26.88,0.84,87.19,2.77,4.27,0.38,17.39
28.4,31.76,26.33,19.33,89.56,3.52,7.04,0.71,26.58
28.23,31.75,26.15,13.76,90.38,6.04,6.94,3.9,11.86
28.42,31.74,26.05,10.71,89.0,5.43,7.03,3.3,8.79
28.76,31.83,26.66,33.3,88.56,4.8,6.41,3.46,23.24
28.23,30.84,26.15,4.32,88.19,4.77,6.48,2.77,30.59
28.26,30.14,26.92,9.64,92.62,4.02,5.59,2.34,30.37
28.8,32.04,26.48,9.2,88.0,3.57,5.45,1.4,20.36
28.32,31.75,25.96,9.43,89.12,4.85,6.16,2.68,7.37
28.28,30.87,26.46,6.07,91.44,7.12,9.18,5.04,7.42
28.45,31.46,26.54,10.59,89.38,5.7,6.41,4.77,11.76
28.4,31.8,25.83,2.97,86.88,4.64,6.04,2.68,14.92
28.31,31.51,26.06,2.0,87.75,5.13,6.68,3.45,29.86
28.8,31.73,26.69,5.12,88.69,3.68,6.34,0.57,33.07
27.78,30.01,26.23,6.48,90.81,4.67,6.48,2.74,12.38
27.39,29.57,25.78,15.85,92.06,5.73,6.43,5.16,18.53
27.96,30.98,26.08,2.17,88.38,5.55,6.6,4.12,34.16
27.39,29.41,26.04,4.97,91.5,3.91,5.49,2.73,48.66
27.89,30.51,25.41,16.36,87.88,2.88,6.07,0.09,28.72
27.13,30.24,25.41,17.43,92.25,8.39,9.27,6.23,10.89
27.81,31.26,25.37,9.85,88.88,7.03,9.26,6.1,14.83
28.12,31.58,25.42,0.82,86.62,4.64,6.19,3.19,20.11
27.96,31.42,25.14,0.92,87.69,4.63,6.85,2.99,19.75
28.23,31.58,25.9,1.71,88.12,5.82,6.77,4.61,28.69
27.9,30.56,25.99,7.58,89.81,3.73,5.7,1.6,36.22
27.71,30.82,25.14,1.59,89.5,4.39,5.52,3.41,47.14
28.38,31.91,25.65,4.95,87.5,4.44,5.34,2.19,56.73
28.65,31.83,26.42,3.37,84.19,2.85,4.77,0.89,55.75
28.77,31.35,26.5,6.85,83.75,1.92,3.48,0.27,57.86
27.91,30.44,25.8,2.67,88.06,3.09,4.35,2.41,60.13
28.94,32.55,25.23,0.05,83.06,3.29,4.66,1.52,66.89
28.65,31.62,24.98,0.0,83.38,3.77,6.29,0.53,61.1
28.31,31.37,25.73,1.01,85.88,3.62,4.62,1.83,60.05
27.46,29.56,26.14,74.23,93.75,7.57,9.46,2.26,17.37
27.08,29.03,25.34,21.59,92.31,7.56,9.47,6.22,7.95
26.76,29.23,24.87,5.69,89.75,4.15,5.52,2.88,16.02
27.44,31.4,23.9,0.14,84.88,3.61,6.49,2.66,19.69
27.87,31.33,25.02,0.02,87.31,4.66,6.38,2.91,21.92
27.87,30.53,26.01,0.45,89.69,3.78,5.91,1.16,36.42
28.53,31.92,26.19,5.54,82.81,2.68,5.68,0.16,45.3
28.19,31.01,25.8,2.15,85.81,2.89,5.08,1.12,57.7
28.32,31.79,25.4,1.17,84.25,2.62,4.91,0.23,63.63
28.74,32.24,25.54,0.37,83.5,3.05,5.07,1.36,61.12
28.31,32.39,24.58,0.05,80.56,3.22,4.95,2.32,66.84
27.84,32.75,23.71,0.0,76.56,3.16,4.92,1.38,70.67
27.76,32.43,24.13,0.0,81.62,4.06,5.42,2.38,61.37
27.91,32.61,23.44,0.0,78.62,3.41,5.55,2.33,61.58
28.07,32.43,23.04,0.0,75.38,2.68,4.77,0.4,79.91
27.77,31.98,22.9,0.0,75.62,2.31,3.43,0.87,93.22
28.23,32.1,24.15,0.0,72.25,1.73,2.52,0.27,101.59
27.93,32.04,22.55,0.0,68.31,1.64,2.87,0.3,101.97
27.91,32.12,23.37,0.0,70.56,1.79,2.95,0.55,98.76
27.19,31.51,23.92,0.03,74.06,3.2,6.05,0.82,47.74
25.5,28.77,23.37,10.18,91.25,5.57,6.78,3.23,8.91
25.74,28.17,24.33,19.89,92.31,5.81,6.62,4.82,9.01
25.73,28.35,23.76,31.23,90.06,5.8,7.73,4.61,17.52
25.87,28.52,22.92,7.44,92.5,8.12,11.09,6.5,22.37
25.26,29.69,21.17,0.32,82.75,4.3,8.65,2.37,37.28
26.01,30.59,21.16,0.02,75.44,2.93,4.9,1.12,47.34
25.26,29.98,20.56,0.0,71.81,2.38,3.16,1.3,60.77
24.71,29.98,19.43,0.0,69.5,2.28,5.18,0.95,86.25
25.37,30.83,20.31,0.0,81.12,3.7,5.45,2.0,80.27
27.07,31.62,22.25,0.0,73.88,1.95,5.11,0.49,83.88
26.72,31.27,21.49,0.0,72.38,2.02,3.46,0.72,99.8
26.07,31.05,20.77,0.0,70.5,2.66,4.35,1.9,97.27
25.73,30.65,20.15,0.0,70.62,2.34,4.42,0.66,100.56
25.73,30.76,20.0,0.0,71.81,2.4,4.16,1.51,107.43
25.19,29.98,21.54,1.12,76.25,2.62,3.82,1.84,99.69
23.62,29.73,16.9,0.0,64.19,3.22,5.16,1.19,93.82
24.05,29.59,17.69,0.0,61.44,2.23,3.41,1.33,123.05
24.41,29.26,18.57,0.0,62.12,1.72,3.05,0.48,105.31
24.15,28.76,19.81,0.22,74.31,2.61,3.51,1.38,80.78
23.44,26.67,21.21,3.01,89.31,3.55,4.81,2.1,27.62
22.82,24.89,20.82,1.81,93.12,7.06,8.97,5.2,17.04
24.58,28.16,21.94,1.9,86.31,4.05,6.84,1.54,9.49
25.35,29.77,21.3,0.0,80.0,2.11,3.63,0.81,23.17
25.23,29.83,21.42,0.52,79.81,2.12,5.13,0.13,31.95
25.4,30.24,20.73,0.04,78.94,2.41,4.88,0.4,41.91
25.15,30.12,21.09,0.0,83.31,4.16,5.72,2.41,30.32
25.55,30.63,21.53,0.0,84.56,5.02,6.82,3.1,32.25
26.1,30.31,21.58,0.24,78.75,3.18,6.69,0.4,106.15
26.26,29.95,23.56,3.83,76.44,1.29,2.41,0.8,196.9
24.02,29.13,19.75,0.01,78.44,2.71,3.69,1.5,302.94
22.33,27.92,17.33,0.0,71.12,2.8,4.04,1.84,145.31
21.72,27.62,15.69,0.0,69.0,2.93,4.6,1.7,144.66
22.4,28.35,16.29,0.0,72.62,3.23,5.15,1.28,108.51
22.33,28.12,16.08,0.0,73.94,3.12,5.53,1.91,111.07
22.43,28.16,16.07,0.0,70.81,2.52,4.52,1.34,157.74
23.19,28.73,16.55,0.0,68.69,1.95,3.9,0.34,149.84
23.0,29.16,16.69,0.0,74.06,3.02,4.5,1.86,125.01
23.05,29.3,17.55,0.0,72.19,3.77,5.34,2.67,108.21
22.37,28.05,17.07,0.0,75.38,4.15,6.23,1.6,103.38
22.62,28.2,17.36,0.0,73.06,2.52,3.83,1.2,106.69
21.94,27.59,15.86,0.0,66.81,2.41,4.07,0.72,117.07
22.72,27.99,16.51,0.0,69.12,1.77,2.99,0.06,152.27
21.26,27.65,15.32,0.0,71.06,3.13,4.16,1.6,146.02
20.78,27.23,15.26,0.0,68.31,3.41,4.57,2.23,185.62
20.56,26.58,15.6,0.0,66.94,3.76,5.77,2.55,150.8
19.61,26.58,13.56,0.0,70.12,3.75,5.29,2.59,187.09
20.07,27.01,14.51,0.0,76.19,3.9,5.72,2.05,217.11
20.52,27.05,14.49,0.0,72.81,3.09,5.07,0.66,144.71
21.63,27.3,15.78,0.0,72.38,2.27,4.13,0.64,78.34
21.97,27.25,17.51,0.0,72.62,1.48,2.73,0.63,80.5
21.24,27.48,15.71,0.0,73.12,2.41,3.45,0.32,83.48
20.95,26.69,15.13,0.0,73.56,2.57,3.88,0.97,94.39
20.93,26.87,15.4,0.0,71.19,2.84,3.91,1.3,130.83
20.46,26.91,14.79,0.0,71.38,3.66,4.73,2.64,113.02
19.93,26.37,14.66,0.0,69.0,3.64,4.66,2.7,142.22
19.08,26.32,13.22,0.0,69.5,4.23,5.62,3.02,162.55
18.71,25.48,12.57,0.0,68.94,4.44,6.34,2.9,201.35
19.16,25.91,14.26,0.0,68.69,4.04,6.23,1.54,204.2
18.83,26.1,12.46,0.0,65.88,3.54,4.72,1.59,243.01
17.46,25.62,11.15,0.0,66.69,4.46,5.84,2.75,245.54
16.87,24.9,9.72,0.0,62.69,3.93,5.77,2.24,197.69
17.95,26.19,10.43,0.0,61.94,3.88,5.67,2.88,161.93
18.37,26.42,11.65,0.0,67.94,4.09,5.09,2.53,173.55
19.13,26.46,12.68,0.0,68.0,3.78,5.71,1.91,146.85
19.75,27.21,13.33,0.0,70.12,3.78,5.34,1.86,106.73
20.03,27.19,15.17,0.0,68.0,4.8,5.55,3.52,108.68
18.2,26.01,12.57,0.0,62.44,5.92,7.34,4.31,99.61
18.76,24.33,13.57,0.51,66.94,4.58,7.09,2.73,102.51
18.19,21.37,15.21,9.06,85.44,5.55,6.95,3.62,84.52
19.13,23.8,15.94,9.72,88.81,6.45,9.14,0.99,43.82
17.62,23.94,12.73,0.04,76.94,4.72,6.61,3.24,54.26
16.59,23.17,10.89,0.0,75.88,4.2,5.66,2.57,91.78
16.08,23.35,9.88,0.0,70.25,4.0,6.09,2.22,159.53
15.4,23.41,9.14,0.0,67.94,4.42,6.14,2.73,197.38
15.01,23.37,8.35,0.0,64.62,5.01,7.42,2.95,156.75
15.3,24.14,8.31,0.0,62.12,4.57,6.71,3.12,124.95
15.49,23.94,7.73,0.0,59.38,4.05,7.15,2.05,179.34
15.26,23.35,8.23,0.0,59.25,4.24,6.49,2.51,182.25
14.66,22.65,7.39,0.0,58.81,4.33,5.77,3.12,240.02
14.61,23.19,7.76,0.0,59.12,4.71,6.84,2.3,192.34
13.15,22.08,5.66,0.0,60.5,4.65,5.66,2.8,206.17
13.36,22.65,6.18,0.0,60.62,5.82,7.2,3.77,161.95
14.19,23.93,6.84,0.0,65.31,5.67,7.16,3.59,137.77
15.08,24.49,7.9,0.0,63.19,5.12,6.87,2.95,177.49
15.65,25.01,8.28,0.0,60.88,4.91,6.82,2.69,155.82
15.98,24.62,8.76,0.0,57.88,3.82,5.24,1.98,201.51
15.41,24.28,7.93,0.0,59.5,4.05,5.45,2.01,218.39
15.68,24.57,8.55,0.0,60.88,4.47,5.57,2.45,183.2
17.4,26.53,9.76,0.0,62.0,3.86,5.16,2.37,137.43
18.01,26.93,9.98,0.0,61.12,4.25,6.49,2.45,132.73
17.86,26.18,11.41,0.0,64.94,5.09,7.84,3.62,162.02
18.03,25.76,11.38,0.0,65.19,3.29,4.72,1.73,175.69
17.52,24.89,10.84,0.0,61.56,3.21,4.64,1.47,189.24
16.33,24.31,9.37,0.0,55.25,3.85,4.84,2.91,183.65
16.62,24.98,9.24,0.0,56.5,4.09,5.91,2.69,265.07
17.09,26.02,9.56,0.0,57.0,4.35,6.21,2.77,187.86
18.15,26.06,10.77,0.0,64.0,3.58,6.14,1.5,273.94
17.56,25.37,11.76,0.0,58.5,4.57,6.32,2.01,211.82
15.82,24.98,8.28,0.0,50.44,4.41,6.34,2.92,124.84
16.4,25.25,8.13,0.0,50.62,3.84,6.51,1.7,161.76
17.44,25.91,9.15,0.0,51.94,3.53,5.2,2.03,182.85
17.18,26.21,9.25,0.0,52.12,4.0,6.2,2.22,205.36
17.78,25.85,9.96,0.0,51.38,3.3,4.52,1.2,190.12
18.83,27.02,10.52,0.0,52.0,2.9,5.27,0.38,209.21
20.39,28.56,11.78,0.0,50.12,1.77,3.3,0.17,277.4
20.81,29.7,12.76,0.0,54.69,1.82,3.27,0.27,218.35
21.23,30.27,12.55,0.0,56.19,2.55,5.64,0.16,163.83
21.59,29.56,13.25,0.0,52.62,2.38,4.54,0.49,121.89
21.22,29.99,14.15,0.0,58.44,4.82,8.19,1.38,102.23
20.62,27.65,14.78,0.0,65.44,5.37,7.2,3.01,89.58
21.33,28.14,16.05,0.0,59.44,5.95,7.3,4.79,81.6
19.06,26.23,13.59,0.0,50.31,5.84,7.13,4.09,78.69
16.35,25.3,7.55,0.0,41.12,4.28,6.09,2.7,80.5
17.41,26.69,8.77,0.0,40.94,4.02,5.92,2.23,132.67
18.75,28.44,10.37,0.0,46.0,4.08,6.0,1.12,136.72
19.57,28.82,10.59,0.0,46.5,3.92,6.43,2.22,155.57
20.37,29.55,11.48,0.0,46.06,3.79,5.3,1.2,137.33
21.01,29.11,12.46,0.0,45.06,3.38,5.18,1.02,126.6
20.71,29.37,11.83,0.0,44.81,3.79,5.54,2.1,142.52
21.22,29.35,12.64,0.0,47.31,3.25,5.08,1.98,151.02
22.68,31.3,14.77,0.0,59.75,2.49,5.25,0.66,145.88
23.15,31.3,16.04,0.0,63.38,3.87,6.16,1.83,104.72
22.83,29.65,17.75,0.46,67.25,4.24,7.47,1.6,83.96
19.44,27.51,12.9,0.02,49.38,5.04,6.87,3.27,44.93
18.76,27.63,10.15,0.0,37.31,4.27,5.41,3.13,69.21
19.87,29.02,11.3,0.0,41.44,4.27,6.44,2.84,100.1
20.91,29.73,12.41,0.0,42.31,4.04,6.01,2.72,114.96
22.57,32.0,13.31,0.0,45.5,3.66,6.27,1.92,163.78
23.9,32.9,14.57,0.0,45.69,3.52,6.43,1.15,149.02
22.33,28.87,16.5,1.0,53.19,4.91,8.72,1.91,79.31
22.9,29.57,18.0,0.0,57.44,4.71,7.2,1.66,66.7
22.12,30.05,14.59,0.0,48.06,2.89,5.94,0.52,84.21
23.86,32.98,16.93,0.0,60.69,4.28,7.83,2.35,100.09
25.07,33.89,17.55,0.0,58.88,4.3,7.03,1.74,71.52
25.51,34.19,17.74,0.0,57.38,3.85,5.17,1.61,105.63
26.18,35.32,17.74,0.0,58.62,4.7,7.95,2.7,66.12
27.65,35.6,21.44,0.15,58.31,4.62,7.43,1.91,86.82
26.95,34.73,19.82,0.15,53.44,3.45,6.14,1.8,95.15
25.05,30.5,21.64,26.33,74.19,3.33,5.23,0.83,52.13
24.4,30.09,20.63,39.41,79.75,4.48,7.1,1.57,33.51
24.04,28.41,21.25,37.14,85.25,6.35,8.96,3.17,18.33
22.26,27.39,18.04,20.96,76.0,5.37,6.97,3.73,24.14
20.34,25.95,14.66,0.0,62.0,3.06,5.01,0.2,45.26
20.69,27.25,13.03,0.0,56.12,2.62,4.68,0.95,64.28
21.4,28.07,13.9,0.0,62.38,2.98,4.81,1.7,86.72
22.64,27.94,17.37,9.46,83.25,5.22,8.23,3.14,55.2
25.02,29.44,22.19,13.32,78.94,4.95,8.2,0.7,41.43
24.51,29.55,20.15,0.14,70.06,2.23,3.8,0.4,56.11
23.62,28.83,18.08,0.0,62.56,2.88,6.09,0.22,70.82
22.4,29.1,15.7,0.0,56.06,3.65,5.84,0.33,66.17
22.84,30.33,15.69,0.0,65.44,4.23,6.62,2.02,62.47
24.18,31.23,17.8,0.01,77.5,5.82,7.78,3.95,43.82
26.35,32.62,20.65,0.06,72.25,3.89,6.48,1.75,50.61
26.79,34.2,20.61,0.0,71.88,4.6,7.77,1.99,71.65
28.03,35.35,21.99,0.0,69.81,4.18,7.07,1.24,63.98
27.89,34.83,21.95,0.12,70.31,3.51,6.93,0.62,84.75
27.23,33.45,21.96,3.3,71.25,3.73,6.2,2.26,78.3
27.23,34.47,21.22,0.32,66.31,4.76,6.77,2.79,44.45
27.9,35.09,21.01,1.94,64.06,3.26,6.67,0.45,59.48
24.82,30.71,21.26,11.18,71.44,5.62,8.81,3.96,34.02
25.9,32.26,20.89,0.07,68.25,5.34,7.7,3.91,49.29
26.21,33.51,20.77,0.0,67.0,4.82,8.08,2.9,48.08
27.36,34.99,21.54,0.01,70.94,6.12,8.23,3.12,42.47
28.25,35.84,23.05,3.12,70.62,6.43,8.78,4.13,39.86
27.26,35.37,21.05,2.02,62.0,4.62,6.89,2.72,52.82
26.7,35.47,18.98,0.0,51.44,3.63,6.95,1.23,63.36
26.53,36.09,18.01,0.0,56.75,4.64,6.37,2.52,77.34
28.3,35.98,20.46,0.39,59.0,4.3,6.59,0.34,58.93
26.55,33.73,19.91,2.08,58.25,4.38,6.86,1.45,46.59
27.53,35.15,21.33,0.0,65.0,4.89,7.05,2.42,43.72
27.72,35.05,21.44,0.0,70.56,6.62,7.84,6.03,37.53
28.98,36.73,23.18,0.0,66.62,5.44,7.99,2.86,35.93
29.64,37.36,23.62,0.66,69.0,6.7,8.75,4.22,41.13
29.41,36.33,25.12,1.9,70.69,6.28,8.33,2.29,20.7
29.75,38.01,24.36,0.92,64.0,6.34,9.96,3.38,34.9
28.69,37.8,20.46,0.0,62.56,5.27,8.62,2.54,31.85
29.53,37.43,23.82,0.0,68.31,6.51,8.16,5.88,33.15
30.07,38.17,23.89,1.53,66.44,5.25,8.23,2.3,33.12
30.11,37.88,24.44,9.37,68.31,4.41,7.94,2.15,34.78
28.76,35.29,24.53,7.23,69.69,6.16,7.12,5.38,27.38
29.15,35.86,23.93,1.19,70.62,6.85,8.92,3.95,26.2
29.9,37.76,24.25,5.74,67.44,5.84,8.35,2.3,26.77
29.12,36.04,24.41,7.38,72.19,6.34,7.65,5.35,18.99
29.66,36.4,24.12,0.1,70.69,5.16,7.89,3.69,27.47
30.36,37.87,24.26,0.06,66.81,4.04,7.83,1.44,27.74
31.21,39.38,25.02,0.02,62.94,4.02,8.76,1.08,32.22
31.15,39.51,25.05,0.03,64.5,5.73,8.38,4.13,32.18
32.08,40.76,25.54,0.0,62.69,5.69,8.19,2.66,28.63
32.22,40.4,25.65,0.03,59.5,4.41,7.02,1.16,36.56
32.43,39.89,25.61,1.49,61.25,2.05,5.38,0.12,64.48
30.89,38.15,24.37,0.02,52.38,3.55,6.42,1.02,64.48
31.08,38.15,24.77,0.46,57.19,4.58,7.16,0.77,45.64
30.83,38.3,24.58,0.3,51.81,4.01,7.16,1.79,37.26
31.08,38.94,25.69,1.22,54.94,5.85,7.9,4.8,29.97
30.57,37.77,25.25,6.63,61.44,3.46,7.11,0.23,39.29
30.57,37.8,24.36,0.03,59.0,4.63,7.71,3.04,29.61
31.4,38.91,25.05,0.01,57.75,4.91,7.87,3.45,26.18
31.68,39.83,25.02,0.01,56.94,5.38,7.75,3.5,23.24
32.32,40.59,25.73,0.36,60.38,5.95,9.41,3.93,32.39
32.98,41.68,26.61,0.7,60.88,6.54,9.6,3.32,35.54
33.48,42.8,27.17,0.0,59.12,7.21,9.8,3.4,25.49
33.04,42.11,26.81,0.0,61.38,8.2,10.3,4.98,22.09
32.12,40.5,26.53,0.34,62.25,9.01,10.75,7.4,16.32
31.49,37.73,27.26,0.29,65.31,8.9,10.27,6.78,13.49
31.83,37.56,27.61,0.51,63.69,7.04,8.87,4.6,13.11
28.77,33.21,26.58,42.44,79.31,10.01,14.53,4.84,16.08
29.26,34.66,25.08,18.63,74.19,10.83,16.98,4.12,21.27
30.88,37.94,25.3,0.01,68.88,5.23,8.95,3.27,50.41
32.02,40.3,25.92,0.03,60.81,5.68,8.77,2.98,50.66
32.04,40.73,25.7,0.61,63.69,6.88,9.55,4.02,53.35
31.51,40.3,24.62,10.57,67.31,5.94,9.53,3.07,59.63
32.52,41.29,25.69,0.0,64.81,6.55,8.51,4.41,58.13
32.66,40.95,26.36,0.0,66.5,6.63,8.98,3.94,55.83
32.03,38.9,27.1,0.0,69.94,6.45,8.61,4.71,47.95
32.19,39.32,27.51,0.0,67.06,5.49,8.12,1.55,48.26
32.73,40.09,27.91,1.46,63.75,6.41,8.08,4.66,41.91
32.14,38.97,27.05,7.05,65.88,6.21,8.25,3.98,32.13
32.23,39.34,26.9,1.82,62.44,7.01,7.58,5.73,36.49
32.51,39.57,27.01,0.36,62.81,5.56,8.45,2.99,39.08
32.9,40.23,27.94,0.0,63.38,6.55,9.18,3.69,45.07
32.63,38.97,28.17,0.03,66.19,5.45,7.7,1.17,42.56
32.62,39.03,27.95,0.08,67.44,4.95,7.46,1.62,44.7
32.17,38.18,27.54,0.99,65.56,5.48,7.46,3.95,39.71
32.48,39.19,27.73,0.73,65.44,6.17,8.02,4.6,29.07
32.37,39.16,27.6,0.7,65.38,7.17,8.06,5.55,35.7
31.72,37.58,27.29,1.72,67.19,7.34,8.19,5.95,29.54
31.62,36.02,28.31,2.88,71.0,7.87,9.09,7.08,27.41
30.88,35.56,27.58,9.63,74.44,7.67,9.43,6.64,23.39
32.19,38.31,27.87,1.28,69.19,5.66,8.1,2.55,33.34
32.31,37.83,27.71,0.24,70.19,5.92,7.61,4.69,40.63
32.68,39.38,27.53,0.07,66.44,6.14,8.1,5.32,36.64
33.3,40.76,27.6,0.22,62.25,5.62,9.2,3.26,38.12
33.21,40.74,27.73,0.46,63.38,7.22,9.52,5.82,35.11
32.76,39.44,27.87,2.47,64.0,7.73,8.26,6.88,28.82
32.65,39.28,28.3,1.33,66.19,7.59,9.44,6.39,30.89
32.03,38.58,27.64,12.11,68.19,7.06,7.97,5.98,27.22
31.43,37.24,27.06,2.63,69.38,4.64,7.55,2.47,28.01
31.76,37.89,27.32,2.37,67.31,7.42,8.62,6.33,33.35
30.51,34.78,28.14,9.11,78.56,6.91,7.63,5.14,23.75
29.87,33.03,27.88,7.2,82.19,4.86,5.64,4.14,19.71
29.37,31.85,27.37,0.3,80.88,2.95,4.23,1.73,15.82
29.84,33.59,27.23,0.85,77.44,3.07,4.72,1.2,13.72
30.91,35.91,27.23,0.1,74.12,4.17,7.39,2.45,23.54
31.72,37.23,27.62,0.0,73.0,5.95,7.73,4.9,24.24
31.28,36.06,28.06,0.18,74.56,6.49,7.77,5.2,25.55
31.63,35.99,28.12,3.1,76.88,4.48,5.98,2.62,26.87
31.96,36.81,28.8,2.89,74.19,3.4,8.0,0.27,35.49
33.48,39.86,28.44,1.28,65.56,4.5,7.66,0.58,39.67
32.1,37.34,28.54,6.54,72.94,5.39,8.27,2.24,41.52
33.92,42.23,27.69,0.06,64.62,6.31,9.98,2.5,26.13
34.37,42.05,29.35,0.1,62.88,5.81,7.88,1.14,41.31
32.08,36.72,28.83,5.8,70.94,5.49,7.62,3.34,40.34
31.85,36.4,28.34,3.88,73.19,4.25,5.73,2.27,45.77
30.63,33.37,28.46,5.4,78.25,3.21,5.92,1.49,35.09
29.83,33.91,27.73,11.98,79.12,3.8,6.04,1.38,18.29
30.08,34.08,27.19,6.44,76.94,6.87,10.28,3.09,17
31.1,35.89,27.16,2.95,72.88,6.23,7.95,4.68,16.42
31.57,36.08,27.45,0.26,71.75,5.34,7.31,4.34,19.66
31.92,37.42,28.31,0.02,70.38,6.48,8.11,5.05,15.66
31.44,35.34,28.49,0.17,73.25,8.74,10.02,7.79,16.07
30.99,34.6,28.03,1.46,76.12,7.76,9.41,6.16,17.52
31.49,35.8,28.87,1.2,74.94,6.23,7.49,4.31,24.11
30.32,33.37,28.33,6.84,81.38,4.44,7.34,1.13,34.54
30.75,34.69,27.5,2.78,75.0,2.48,4.86,0.21,36.26
29.99,33.95,26.75,7.02,77.88,5.65,8.38,2.55,17.1
30.12,33.33,27.74,23.04,80.94,6.27,7.97,2.73,14.3
30.31,34.3,26.98,7.49,78.0,6.05,7.44,4.52,15.52
31.01,35.47,27.69,0.88,74.69,5.82,7.18,3.83,25.62
29.84,32.58,27.8,12.71,81.38,4.66,6.91,2.23,19.63
30.19,34.63,27.35,10.84,80.62,5.12,9.21,0.72,20.37
30.37,35.14,27.0,3.56,76.69,9.73,13.02,6.51,13.31
30.65,34.99,27.97,2.75,77.0,9.39,10.55,7.74,20.53
29.8,32.79,27.63,3.26,79.44,8.93,10.59,7.11,22.95
30.13,34.01,27.39,0.92,79.06,7.73,8.66,7.05,22.33
29.24,32.3,27.45,3.33,82.62,8.45,9.88,6.91,25.17
29.4,32.75,27.17,1.55,82.12,8.24,9.97,7.05,25.86
29.95,34.09,27.3,2.01,79.81,7.79,8.59,7.12,31.51
30.81,35.8,27.58,0.75,76.44,7.44,8.68,6.21,33.71
31.05,35.44,28.05,1.29,76.75,5.84,7.88,2.95,40.59
30.43,33.61,27.99,6.7,79.19,4.54,7.05,2.12,40.54
30.53,35.38,26.66,2.76,75.56,3.92,6.52,1.62,56.27
30.82,35.86,27.08,0.71,73.31,4.29,6.91,2.2,38.41
30.23,34.55,26.85,0.95,77.38,4.9,6.16,1.73,14.4
30.65,35.44,27.04,2.2,74.88,5.23,7.36,2.91,19.57
30.64,34.74,27.31,0.23,73.69,5.98,6.8,5.03,19.64
29.77,33.05,27.26,0.41,78.62,5.97,7.21,4.3,13.25
29.98,33.25,27.46,1.2,76.81,6.39,7.83,5.22,14.73
30.26,34.76,26.97,4.95,75.88,5.41,6.16,4.59,12.04
29.3,32.64,27.28,9.49,83.38,4.64,5.62,3.88,32.93
29.13,33.28,26.4,18.41,79.88,4.75,7.12,2.73,26.99
29.11,33.18,26.19,8.57,81.06,4.03,5.72,2.02,22.29
29.43,33.7,26.4,11.5,81.75,5.48,8.99,0.5,11.47
29.0,32.51,26.74,15.52,83.06,8.96,11.06,6.62,11.23
28.6,31.47,26.44,3.43,79.81,7.88,9.27,5.41,19.65
29.08,33.29,26.39,3.99,80.06,7.01,8.16,6.2,19.93
29.42,33.58,26.28,0.97,78.44,5.27,6.55,4.02,20.37
29.2,33.82,26.52,4.55,83.06,5.02,6.55,3.77,15.9
29.88,34.29,26.54,7.55,80.81,3.58,6.06,1.73,19.47
30.48,34.41,27.1,6.19,81.81,3.71,6.11,0.57,38.73
30.51,34.31,27.72,7.27,83.88,3.37,5.52,0.98,29.94
29.58,31.87,27.63,8.45,88.38,3.82,5.58,2.43,21.65
29.05,32.18,26.73,27.31,86.25,9.29,13.41,3.22,11.14
28.91,32.11,26.96,23.48,84.31,9.78,13.17,7.3,11.52
29.64,33.52,26.35,1.9,82.12,5.29,6.95,4.05,21.14
30.35,34.19,26.88,3.02,80.06,3.86,5.95,1.2,27.03
30.15,33.47,26.7,4.99,81.75,2.72,5.12,0.8,37.05
29.71,33.2,27.21,35.25,85.62,3.66,5.8,1.64,26.99
28.23,30.37,26.51,16.36,89.81,6.65,11.02,1.3,15.13
28.35,30.55,26.98,21.71,88.12,8.2,9.52,7.48,30.66
28.52,31.17,26.95,14.39,87.06,6.75,7.48,5.77,26.31
28.33,31.04,26.53,29.62,89.69,5.5,6.5,3.91,29.67
27.84,29.55,26.58,36.23,92.56,4.53,6.37,3.23,22.86
27.52,29.72,26.08,40.02,89.56,6.56,9.54,4.12,19.93
28.2,31.13,26.2,1.17,86.06,7.88,10.62,5.7,18.97
28.88,32.38,25.86,0.33,85.62,5.41,6.46,4.42,27.2
28.63,31.41,26.75,0.87,89.06,4.53,5.64,3.77,29.61
29.26,32.9,26.35,7.47,81.88,2.74,3.99,0.77,30.77
28.44,31.99,26.01,17.77,86.94,4.21,5.48,2.7,21.84
28.13,31.46,25.89,9.17,86.69,3.2,5.47,0.85,22.92
27.55,30.09,25.77,19.56,90.44,4.77,6.09,2.74,14.42
27.65,30.82,25.75,6.39,89.5,4.94,5.6,3.84,14.72
28.4,32.27,25.69,2.83,87.06,4.87,5.77,3.78,18.77
28.62,32.11,26.05,6.8,89.19,4.78,5.75,3.59,26.07
28.45,31.59,26.45,11.98,89.38,5.24,5.75,4.62,16.75
28.81,32.78,25.88,1.11,85.56,3.61,5.66,1.15,20.22
29.0,32.49,26.51,3.39,85.62,3.16,4.91,1.46,16.63
29.29,32.23,26.53,8.26,85.56,2.2,4.99,0.94,33.24
28.97,32.34,26.87,18.99,87.94,3.73,4.9,0.51,17.5
28.18,30.89,26.17,8.16,89.88,3.78,6.15,2.18,11.76
28.21,30.76,26.3,4.99,90.56,4.87,6.69,2.43,11.97
28.4,31.45,26.48,3.91,90.38,5.88,7.7,3.62,11.61
28.82,32.48,26.33,6.23,88.56,6.33,8.2,5.14,9.28
28.49,30.76,26.7,15.46,91.5,7.05,8.79,5.56,13.93
28.63,31.87,26.55,12.79,89.62,7.45,9.33,5.55,14.62
29.26,32.9,26.8,2.17,86.12,5.28,6.65,4.02,22.09
28.49,30.87,26.98,2.65,91.75,5.24,6.2,4.01,27.23
28.4,30.74,26.65,7.09,91.06,4.59,6.98,2.42,20.43
27.46,29.23,26.29,30.3,91.0,7.48,9.37,5.71,23.21
27.71,30.73,26.11,6.01,89.12,6.84,7.74,5.77,18.74
27.82,30.67,25.87,0.75,90.5,5.05,5.69,4.04,29.02
28.34,31.37,26.37,3.1,89.38,4.7,6.16,2.95,27.45
28.0,30.91,25.91,1.71,89.69,4.54,6.03,3.46,28.3
28.16,31.31,25.87,0.34,87.88,4.19,6.4,2.81,22.93
28.32,32.14,24.94,1.87,86.75,3.91,4.84,1.17,12.82
28.55,32.5,25.51,1.2,86.19,3.72,5.2,2.38,10.13
28.4,32.37,25.3,2.6,83.38,2.83,4.62,1.05,23.01
28.42,32.4,25.0,4.22,82.94,2.45,4.73,0.26,32.69
28.56,32.12,26.13,10.41,84.69,3.1,5.41,0.48,21.76
27.32,29.61,25.85,8.75,92.62,4.69,5.36,2.88,15.82
27.1,28.81,25.9,59.16,95.06,6.08,8.46,5.05,8.76
26.65,28.23,25.12,21.33,93.94,6.0,8.25,4.77,15.06
25.74,27.9,24.33,24.81,89.0,2.99,4.98,0.57,18.19
26.07,29.02,23.51,13.45,87.06,2.62,4.77,0.2,20.13
25.61,27.69,24.08,19.18,90.81,3.32,4.22,1.27,20.94
25.55,27.53,24.01,14.88,91.5,3.62,4.36,3.19,15.07
25.78,28.8,23.56,4.91,90.0,4.84,6.01,3.54,19.05
27.25,30.68,24.38,2.49,87.06,4.59,6.64,1.99,27.66
28.03,31.34,24.54,5.76,83.94,2.45,3.75,1.49,50.68
27.69,30.64,25.65,6.57,86.94,3.32,4.95,1.69,10.45
26.62,28.74,25.12,9.75,91.12,3.34,4.5,2.55,29.2
27.1,30.02,24.8,2.47,87.81,3.18,4.54,1.94,37.01
27.36,30.75,24.65,4.81,86.69,2.98,4.66,0.99,42.6
26.98,29.69,24.97,3.15,87.38,2.52,3.79,1.43,35.58
26.62,29.76,24.5,11.37,87.06,3.16,4.85,1.0,26.31
26.15,29.48,23.98,27.06,89.81,3.16,5.16,0.96,13.22
27.19,30.83,23.98,2.58,81.0,1.54,4.27,0.49,18.42
27.05,30.19,23.81,0.15,81.38,1.86,2.95,0.91,44.36
26.99,30.68,22.73,0.44,80.0,2.0,3.01,0.15,57.1
26.19,30.06,22.68,0.47,84.25,3.32,4.77,1.89,71.69
26.4,30.65,22.33,0.01,79.38,2.87,3.73,2.02,74.39
26.4,30.6,21.14,0.01,76.62,2.3,4.59,0.85,68.06
26.78,30.76,22.81,0.43,79.88,1.95,3.09,1.05,62.58
27.2,31.39,23.21,1.19,81.81,1.77,2.97,0.02,59.9
27.57,31.46,23.66,0.97,83.88,2.55,3.39,1.16,78.78
27.33,30.14,24.33,1.63,84.69,2.37,3.92,0.1,76.3
27.1,31.11,23.17,0.76,83.56,2.8,4.14,1.43,69.54
26.9,30.7,22.81,0.89,83.0,2.26,4.13,0.4,97.22
26.91,30.18,23.54,1.99,83.56,1.92,3.64,0.77,76
25.88,29.23,23.02,12.85,87.06,2.99,5.14,1.26,115.37
22.53,24.34,21.15,66.29,93.5,5.42,6.29,4.63,39.79
23.9,26.86,20.8,29.94,94.5,6.23,8.76,5.2,15.21
26.05,28.87,23.73,4.94,89.75,3.91,7.64,1.88,32.54
24.9,28.65,22.42,0.11,88.06,3.92,5.04,2.97,69.51
23.68,27.82,20.64,0.0,87.12,4.2,5.01,3.69,112.18
22.88,27.6,18.4,0.0,84.88,3.55,5.05,2.39,89.16
23.57,28.44,19.02,0.0,83.69,3.41,4.76,2.61,101.07
23.79,28.55,18.55,0.0,81.69,3.41,5.42,0.62,112.65
24.37,28.68,21.19,0.0,83.31,3.29,4.8,0.74,104.34
23.9,29.04,19.59,0.0,86.31,4.62,5.47,3.56,45.47
24.41,29.12,20.26,0.0,85.69,3.88,5.19,3.08,61.12
24.83,29.13,20.73,0.0,84.25,3.39,4.72,2.02,78.87
24.18,28.86,20.08,0.0,84.25,3.31,5.12,2.26,134.39
23.7,28.62,19.58,0.0,77.88,3.91,5.72,2.58,139.23
22.94,29.01,17.44,0.0,79.06,4.19,6.42,2.94,84.2
22.51,24.9,20.12,4.1,91.81,5.74,8.45,3.84,44.07
22.96,24.16,22.05,101.88,94.88,12.27,15.26,8.94,12.38
23.94,27.73,21.4,12.44,92.38,9.48,11.41,6.62,18.52
23.96,28.15,20.26,0.34,84.5,4.18,6.34,1.53,31.88
23.18,28.29,19.06,0.0,81.94,3.37,4.81,1.78,91.17
21.8,27.56,16.58,0.0,79.25,3.45,5.45,2.31,99.5
21.92,27.61,16.54,0.0,81.5,3.53,4.62,2.92,70.23
21.86,27.7,16.22,0.0,81.56,3.46,5.27,2.32,68.72
21.9,27.56,16.23,0.0,82.5,3.35,5.12,2.26,76.59
21.91,27.38,16.48,0.0,81.06,3.12,4.73,1.81,80.77
21.46,26.85,16.17,0.0,82.06,2.99,4.61,1.91,100.61
20.97,26.55,15.81,0.0,78.88,3.62,5.86,1.95,89.2
20.48,25.76,14.57,0.0,73.94,2.48,4.19,0.88,98.34
21.05,26.52,15.21,0.0,76.38,2.89,3.98,2.09,87.7
20.79,25.95,15.29,0.0,78.31,2.88,4.05,1.39,84.93
20.89,26.38,15.01,0.0,78.94,2.66,4.39,1.83,97.3
21.26,26.18,15.66,0.0,78.75,2.34,4.3,0.52,116.56
21.54,26.68,16.1,0.0,81.81,2.23,4.01,1.34,116.46
22.23,27.35,17.05,0.0,84.12,2.23,3.95,1.23,120.66
22.17,27.14,17.1,0.0,83.81,2.4,3.59,1.91,110.19
22.81,28.4,16.91,0.0,83.62,2.52,4.41,1.17,68.82
22.73,28.05,17.29,0.0,83.81,2.65,5.1,1.46,89.66
22.14,27.12,16.8,0.0,83.19,2.96,4.73,1.16,117.72
20.84,26.24,16.11,0.0,80.12,3.7,5.58,1.45,96.55
20.31,25.84,16.22,0.0,79.69,3.38,4.59,2.16,88.77
19.02,24.52,14.12,0.0,79.88,3.82,5.09,2.64,96.05
17.86,24.52,13.05,0.0,78.62,4.83,6.12,2.85,105.08
18.05,25.05,11.51,0.0,79.19,4.41,7.0,2.55,80.41
20.26,26.91,13.25,0.0,79.0,2.8,5.86,0.91,70.55
21.91,27.26,16.22,0.0,75.31,1.82,3.65,0.2,65.6
21.86,26.84,17.32,0.0,77.5,2.59,4.09,1.31,73.2
21.19,25.78,17.51,0.0,81.44,2.48,3.82,1.46,56.11
20.19,25.3,14.6,0.19,75.88,2.14,3.92,0.73,56.66
21.22,25.73,17.18,0.59,72.81,1.42,2.87,0.45,63.38
21.16,25.36,17.06,0.0,76.06,1.48,3.23,0.23,58.32
20.63,25.65,15.37,0.24,77.0,1.85,3.69,0.31,94.18
21.2,26.38,16.27,0.02,78.31,1.84,3.96,0.39,113.42
21.3,25.85,16.75,0.02,83.75,2.95,4.48,0.87,90.33
19.94,25.15,15.92,0.01,85.5,4.12,6.27,1.66,57.22
18.72,23.97,15.12,0.0,87.19,4.34,5.36,2.47,68.55
15.84,21.52,11.74,0.0,82.25,5.48,6.73,4.09,67.17
13.27,19.61,8.26,0.0,82.06,4.8,6.68,3.8,69.59
13.81,19.94,7.63,0.0,78.38,3.59,5.63,1.58,87.53
14.58,20.55,8.93,0.0,76.5,3.03,5.19,1.78,136.9
15.17,21.07,9.0,0.0,76.38,3.17,4.58,1.54,123.82
16.3,22.57,11.26,0.0,78.12,3.47,4.45,2.43,134.41
16.62,22.88,10.54,0.0,74.88,3.58,5.96,0.73,137.04
16.24,22.6,10.58,0.18,80.31,3.27,4.45,1.43,127.07
14.83,19.34,12.05,1.74,86.19,4.43,5.67,3.13,124.01
13.19,16.85,9.17,8.17,85.88,4.71,7.4,2.78,85.58
11.8,19.42,5.08,0.01,78.69,5.73,7.77,3.91,128.11
12.64,20.95,5.83,0.0,76.88,5.38,7.3,3.69,99.58
12.82,21.08,7.03,0.0,78.31,4.76,6.3,2.86,122.22
13.99,21.98,6.92,0.0,74.62,4.25,6.58,2.16,130.01
16.01,23.87,9.15,0.0,76.5,4.27,6.95,2.16,133.23
17.38,21.94,12.01,0.25,82.38,2.77,6.95,1.02,121.36
16.24,17.95,14.9,26.76,94.0,4.85,7.57,1.58,53.65
18.08,22.47,13.82,0.72,83.81,1.77,3.52,0.52,52.44
16.96,21.58,12.48,0.12,83.12,4.73,5.73,1.97,93.22
14.67,21.12,8.95,0.0,78.62,4.48,6.61,2.78,103.12
15.07,21.02,8.33,0.0,74.81,2.92,4.84,0.79,105.65
16.71,22.86,11.01,0.0,71.69,2.34,3.76,0.89,124.26
16.33,21.15,12.15,2.87,81.38,2.85,4.53,1.45,88.72
15.83,21.55,11.36,0.8,82.0,5.7,6.98,4.72,84.81
13.0,19.58,7.92,0.03,79.44,5.81,7.09,4.81,82.97
12.98,20.46,6.39,0.0,74.88,4.93,8.01,3.2,86.65
13.69,20.4,6.37,0.0,69.5,3.65,6.64,0.59,96.36
15.6,22.46,7.69,0.0,64.94,2.34,5.27,0.67,171.67
17.66,23.77,10.79,0.0,65.19,1.77,2.75,0.8,189.14
19.6,26.15,12.98,0.0,62.94,0.93,1.8,0.17,168.09
20.17,26.74,14.12,0.0,65.38,1.27,2.13,0.28,116.53
18.9,26.29,11.66,0.0,73.06,3.09,4.18,1.72,92.71
19.21,26.56,12.58,0.0,79.69,3.79,6.76,0.8,90.42
17.03,21.53,13.73,0.0,78.94,4.48,6.56,2.05,74.01
16.05,22.44,9.23,0.0,68.44,3.37,4.82,1.59,95.96
16.8,23.16,8.9,0.0,66.25,2.48,4.97,0.34,124.38
18.97,24.56,13.42,0.0,75.31,2.28,3.66,1.17,122.5
16.76,22.61,10.62,0.0,66.94,4.0,6.94,1.84,87.19
15.39,22.33,7.83,0.0,60.88,3.39,5.02,1.3,74.38
15.62,22.52,8.05,0.0,63.88,3.29,4.64,1.37,126.71
15.71,22.65,8.26,0.0,69.75,3.52,4.97,1.3,125.69
18.31,24.96,12.09,0.47,71.75,2.16,4.55,0.15,130.31
19.65,24.98,15.63,8.33,83.12,2.23,5.6,0.15,53.29
18.69,21.73,16.8,4.66,91.19,3.03,4.55,1.01,63.44
17.4,23.38,11.69,0.05,75.12,3.68,5.98,1.89,79.99
17.11,23.86,10.25,0.0,66.38,3.26,4.63,0.85,74.21
16.08,22.55,8.98,0.0,61.94,3.34,5.39,1.14,54.47
16.59,23.31,9.45,0.0,57.81,2.59,3.68,1.16,94.27
18.5,23.88,13.45,0.0,61.31,1.84,3.3,0.06,105.24
19.35,24.79,13.0,0.0,68.81,2.3,3.6,1.42,79.9
17.84,25.01,11.33,0.04,71.81,3.38,5.88,0.73,90.89
17.4,22.15,13.79,0.45,79.69,3.46,6.04,1.22,124.43
17.91,24.45,12.8,0.07,74.12,4.79,6.41,1.73,93.86
15.89,24.02,8.51,0.0,61.75,4.62,6.35,3.01,87.31
16.06,24.26,8.48,0.0,61.88,4.44,6.58,2.91,117.57
16.35,24.76,8.04,0.0,59.31,4.27,6.61,2.28,111.16
17.19,24.83,8.98,0.0,62.25,3.8,5.6,2.08,106.73
19.01,27.05,11.26,0.0,69.75,4.43,5.27,2.98,111.79
19.42,27.43,11.97,0.0,70.88,4.69,6.16,3.22,66.08
19.37,27.16,11.26,0.0,61.06,3.24,5.54,1.22,96.19
19.18,27.35,11.19,0.0,62.25,3.65,5.64,1.56,94.63
19.33,27.15,11.24,0.0,63.62,3.51,5.32,2.12,92.18
20.43,28.19,12.71,0.0,68.12,2.95,4.43,1.09,79.08
21.46,28.99,15.48,0.0,75.69,3.55,4.99,1.87,54.18
22.01,29.2,14.94,0.0,68.0,2.35,4.9,0.4,84.64
22.48,29.05,15.6,0.0,60.31,2.37,3.23,0.94,116.56
23.25,30.15,15.93,0.05,63.56,2.55,4.31,1.43,96.66
23.38,29.57,17.28,0.57,68.25,2.34,4.67,0.82,107.03
22.16,28.81,18.63,2.72,75.56,3.1,6.25,1.3,77.14
21.09,26.46,17.92,3.66,76.38,2.7,4.56,1.23,40.34
20.69,27.38,14.15,0.12,68.12,3.42,4.8,1.77,44.96
21.61,28.15,16.03,0.0,63.56,2.65,4.17,0.96,70.15
21.54,29.18,14.6,0.0,63.88,3.47,4.91,1.34,74.55
22.38,29.54,15.53,0.0,68.0,3.48,5.12,2.03,93.69
23.36,30.31,16.59,0.39,67.69,3.54,5.57,1.76,97.44
24.0,30.9,18.49,3.38,71.12,4.07,6.66,1.87,77.3
24.31,30.51,19.51,6.68,76.44,4.77,6.43,2.38,46.45
23.5,28.84,19.65,3.51,78.38,4.45,6.62,0.21,30.38
23.15,28.61,18.33,3.98,79.94,5.11,7.13,1.9,32.77
23.4,28.61,20.09,18.34,84.56,5.67,7.72,2.52,30.96
24.35,30.18,20.05,3.92,76.12,4.01,5.63,2.8,36.21
22.72,29.83,15.99,0.0,60.06,3.82,5.41,2.16,54.6
22.95,30.25,16.58,0.0,55.5,3.05,4.16,0.95,64.7
24.49,30.94,17.31,0.81,68.38,2.63,5.0,0.62,51.53
25.86,32.43,19.89,0.87,75.44,3.34,4.69,1.94,56.08
27.33,34.54,20.69,0.1,69.56,2.14,4.2,0.4,55.1
26.58,33.85,20.65,0.0,64.56,4.32,9.3,1.89,43.75
24.3,31.58,18.42,0.63,67.56,5.14,7.33,4.06,23.13
25.05,31.16,19.83,0.05,68.69,3.2,4.05,2.24,57.23
25.48,32.21,18.62,0.0,60.88,3.09,5.59,1.12,61.7
25.47,32.91,18.51,0.0,58.38,3.6,5.04,1.6,76.44
25.44,33.67,17.73,0.07,52.25,3.41,4.82,1.71,74.19
25.07,32.54,18.7,2.23,59.62,5.03,6.0,1.99,34.11
26.65,34.05,20.58,1.21,54.62,3.71,6.8,1.23,36.45
24.79,29.92,21.04,5.11,72.5,3.77,5.21,1.8,14
25.21,32.45,18.4,0.35,65.69,3.8,6.85,1.11,23.57
25.94,33.07,19.26,1.46,63.38,3.37,6.17,1.45,28.03
26.81,34.73,19.96,0.01,59.06,3.83,7.23,1.11,40.64
27.74,35.58,20.8,0.09,60.81,3.91,7.09,2.2,28.93
28.31,36.87,20.76,0.0,59.44,4.99,6.48,3.77,41.41
29.35,37.37,22.0,0.0,59.06,4.83,6.02,2.75,38.45
29.71,37.11,23.08,0.0,53.38,4.48,5.84,1.91,32.41
29.07,37.49,21.14,0.0,53.88,4.4,5.14,2.8,33.41
28.73,37.15,21.12,0.0,49.31,4.16,5.19,2.17,35.08
29.4,38.03,22.35,0.02,45.5,4.76,7.73,2.16,42.82
30.5,38.93,23.24,0.82,61.19,5.12,7.21,2.8,35.84
30.71,38.94,23.99,0.44,56.31,4.69,6.77,2.65,39
30.4,38.6,23.79,0.05,44.75,3.55,4.79,1.41,49.46
29.73,38.08,22.77,0.09,50.31,4.15,5.42,1.56,41.08
29.11,38.14,20.67,0.03,45.5,4.61,7.05,2.83,33.62
30.09,39.18,21.4,0.0,47.44,5.84,8.14,3.88,38.68
31.26,39.72,25.01,0.19,54.12,5.35,7.69,2.54,25.32
30.39,38.73,23.62,0.6,52.5,5.22,7.3,3.72,21.54
30.66,39.22,23.11,0.0,57.19,4.98,7.68,2.28,19.9
30.94,39.34,23.72,0.0,57.94,5.06,7.62,3.05,20.73
30.74,38.93,23.41,0.33,54.56,3.99,6.14,1.73,24.74
31.22,39.51,23.65,0.19,56.25,4.1,5.45,3.33,25.4
31.99,40.49,24.66,0.0,57.62,4.64,8.11,1.88,27.36
32.19,40.58,24.97,1.03,54.94,4.58,5.85,2.64,24.95
30.84,38.25,24.73,4.17,60.19,4.59,7.66,2.19,29.58
32.0,41.07,25.67,1.13,59.19,6.31,8.3,3.89,22.44
31.8,39.91,26.11,3.75,62.81,5.71,8.55,3.26,20.2
30.95,38.16,25.41,4.53,65.94,6.23,7.95,4.94,13.16
31.55,39.79,25.2,5.68,62.44,4.8,7.62,1.69,15.18
30.38,37.08,25.96,16.16,65.88,5.33,6.89,3.77,11.52
29.51,35.27,25.34,6.35,64.88,4.41,6.5,0.74,15.38
30.08,36.9,24.87,5.12,65.25,5.2,7.35,4.09,15.74
28.78,34.62,24.49,17.7,76.06,5.84,7.2,4.79,11.58
29.37,35.17,24.61,1.13,70.88,4.23,5.59,2.9,15.04
28.96,33.98,24.97,2.61,72.69,3.2,4.65,2.5,16.26
28.54,34.15,23.85,3.95,69.5,3.29,5.98,0.1,11.58
27.46,32.58,24.05,5.86,77.12,4.45,6.3,2.59,9.19
28.24,34.05,23.22,2.77,69.69,4.23,6.03,3.05,17.25
29.08,34.77,24.14,3.07,68.5,4.01,6.41,2.21,15.25
28.58,32.94,24.78,22.94,75.69,3.71,5.36,1.98,10.11
28.55,33.48,23.98,8.18,73.25,3.23,4.95,1.2,19.47
29.41,34.62,24.74,3.01,68.75,1.91,5.11,0.16,18.88
30.15,35.69,24.79,0.24,70.81,3.88,6.9,2.25,22.42
30.89,36.81,26.02,10.03,71.25,5.55,7.25,4.53,19.01
30.05,35.0,26.0,17.15,70.75,3.88,6.24,1.88,12.11
29.9,36.08,24.14,2.06,69.12,3.64,6.54,2.23,16.19
30.15,36.83,23.97,2.64,66.94,3.95,6.2,2.35,15.86
31.3,38.02,25.07,2.74,63.69,2.87,6.05,0.7,20.56
31.4,38.59,25.5,0.23,64.75,4.42,7.23,2.67,20.04
30.42,36.07,25.76,6.68,68.88,3.23,5.61,1.67,14.42
29.53,34.81,25.15,0.24,76.12,5.38,7.05,4.18,26.18
30.21,35.86,25.67,0.02,80.44,6.12,7.52,4.89,21.54
30.48,35.31,27.22,0.02,80.5,8.95,9.96,7.59,16.99
30.09,34.62,27.23,0.09,80.38,10.45,11.23,8.98,17.74
30.05,34.21,27.25,0.35,79.12,11.49,12.55,10.09,17.13
29.97,34.56,27.08,19.94,81.25,9.6,12.02,8.25,6.86
28.92,32.23,26.59,19.97,84.88,5.85,8.32,3.34,13.71
29.16,33.33,25.62,5.44,81.25,3.95,6.11,1.65,15.57
29.65,34.39,25.7,3.02,79.5,4.3,6.67,2.81,15.02
29.95,33.88,26.7,10.59,79.62,4.52,6.46,1.99,13.79
29.48,33.43,26.86,5.62,82.0,5.13,6.21,4.02,13.58
29.8,34.03,27.14,11.46,81.06,5.88,7.77,3.3,16.94
29.87,33.9,26.37,3.81,77.88,4.87,6.98,2.38,15.97
29.76,33.85,26.81,8.79,79.88,5.52,6.53,4.3,16.42
29.17,31.93,26.76,6.14,85.5,6.33,8.09,4.75,14.11
29.79,33.11,27.41,1.24,82.06,4.32,6.77,1.77,17.71
29.61,33.67,26.55,4.98,81.38,4.14,5.98,2.24,23.49
29.31,32.73,26.53,9.67,82.12,3.01,5.43,1.47,24.15
29.7,33.24,26.34,1.48,80.94,2.95,5.33,0.37,22.36
29.19,32.02,26.85,1.84,83.88,3.14,5.01,1.61,16.39
28.52,30.76,26.8,13.04,89.81,4.45,6.35,1.82,7.71
28.8,31.56,26.88,14.77,87.88,6.09,8.62,4.42,8.28
29.05,31.71,27.42,19.65,89.5,7.34,8.8,6.16,12.92
28.97,30.62,27.85,15.26,90.81,5.59,6.63,4.65,11.13
28.94,31.4,27.3,19.29,89.81,5.7,6.77,4.57,13.52
28.45,30.04,27.03,9.16,90.38,4.13,6.24,2.1,14.53
28.38,30.02,26.94,13.76,90.06,7.69,9.33,5.62,16.15
28.97,32.63,26.21,5.7,84.75,6.28,8.91,4.21,16.74
29.3,32.98,26.71,5.06,84.06,6.48,8.3,5.29,18.4
29.24,32.45,26.78,8.36,86.69,4.76,6.73,2.99,10.74
28.92,32.21,26.28,16.63,86.5,5.91,8.73,3.52,11.75
29.0,32.21,27.01,19.48,86.62,7.1,9.67,5.0,15.22
29.25,32.47,26.77,9.38,85.19,7.18,8.61,5.24,19.54
29.34,33.15,26.5,1.09,84.0,6.3,7.66,4.01,19.98
29.19,32.62,26.94,3.86,85.31,7.2,8.05,6.18,16.92
29.05,32.33,26.92,4.56,86.25,7.32,9.4,5.88,9.45
28.56,31.26,26.68,20.31,88.06,7.49,8.73,6.57,8.72
28.76,31.85,26.66,12.28,85.38,7.37,8.52,6.34,11.81
28.91,32.17,26.76,17.34,87.62,5.47,7.26,4.17,19.36
29.15,32.86,26.28,1.28,84.06,5.02,7.19,3.48,15.59
28.91,32.26,26.76,0.47,85.06,6.18,7.45,4.82,12.26
29.08,32.08,26.95,0.19,86.25,5.97,6.88,4.34,12.59
29.39,32.64,27.15,1.05,85.62,4.8,6.73,3.81,10.1
29.48,33.34,26.74,6.36,84.69,4.48,6.04,3.14,8.02
29.18,32.08,27.01,12.18,89.44,5.04,8.2,2.42,7.45
29.45,32.64,27.06,9.24,86.12,7.04,8.51,4.94,10.09
29.4,32.2,27.54,7.81,85.38,5.7,6.76,3.9,12.96
28.94,31.6,27.15,4.5,87.44,5.6,7.66,4.02,21.24
28.83,31.38,26.93,10.24,89.12,7.22,8.32,6.2,15.3
28.84,30.86,27.44,4.98,89.56,7.82,8.67,7.0,11.3
28.4,30.25,27.22,16.97,91.19,6.89,8.27,5.73,12.55
28.35,30.43,26.78,17.42,90.38,5.94,7.05,4.71,20.79
28.91,32.22,26.73,7.26,87.31,6.2,7.55,4.66,22.07
27.83,29.62,26.44,7.95,90.69,6.17,7.67,4.48,15.78
28.58,32.15,25.94,7.7,85.06,6.32,8.08,3.85,13.41
28.9,32.2,26.02,5.67,83.69,6.52,7.49,4.98,6.9
29.22,32.66,26.72,2.84,84.88,6.09,7.13,4.77,5.12
28.67,31.85,26.55,2.38,86.75,6.43,7.65,4.6,7.07
28.43,30.3,26.98,4.75,90.12,7.73,8.71,6.63,7.05
27.97,29.25,26.97,31.43,92.81,7.5,9.23,5.82,10.58
27.91,30.62,26.57,32.78,90.06,7.16,8.1,5.2,14.26
28.39,31.57,25.89,8.09,86.94,6.11,7.76,4.5,7.4
27.72,29.91,25.83,3.7,89.94,5.09,6.56,4.09,17.06
28.4,31.82,25.06,0.45,85.56,4.42,6.55,3.3,13.57
29.55,33.0,26.76,0.08,84.44,5.12,7.28,2.56,15.03
28.61,30.15,27.15,4.25,90.75,3.4,6.42,0.87,21.73
29.22,32.6,26.48,25.57,86.56,4.13,7.57,2.23,26.98
28.9,32.55,26.25,4.95,86.44,6.39,7.16,4.93,6.62
29.32,33.16,26.69,0.61,84.56,4.9,6.87,3.05,9.26
28.9,32.15,26.27,3.86,87.12,3.62,5.31,1.7,9.87
29.41,32.98,26.22,2.42,84.0,3.33,5.84,1.18,7.04
29.8,33.36,26.99,5.24,85.12,3.35,6.09,0.52,16.39
29.77,32.36,27.38,7.81,86.0,2.78,5.78,0.16,37.69
29.51,32.29,26.81,25.28,88.75,3.34,6.73,0.64,27.46
29.19,32.77,26.83,16.89,88.69,7.48,9.97,3.52,5.08
28.42,30.51,26.87,22.97,91.56,6.07,7.47,2.85,10.01
28.88,31.8,26.53,5.44,88.12,5.7,7.53,3.97,18.26
29.47,32.74,27.13,3.5,87.62,5.32,6.8,4.24,15.71
29.2,32.19,26.99,3.78,87.62,6.06,7.77,4.61,10.52
28.96,31.46,26.76,2.19,88.31,4.04,5.36,1.16,7.14
29.26,31.86,26.94,1.21,89.94,4.37,6.43,1.11,12.51
29.72,33.37,27.06,1.8,87.31,3.95,5.97,0.77,17.41
29.4,32.84,26.91,2.86,88.19,5.3,7.24,3.43,7.89
28.99,32.08,26.8,7.38,89.44,5.65,8.88,3.21,6.64
29.14,32.21,26.87,15.57,88.44,5.62,8.19,3.16,9.83
28.73,31.68,26.69,7.59,87.88,8.3,9.98,6.52,12.93
28.51,31.65,26.78,8.24,88.06,6.68,7.62,5.88,10.33
28.65,32.23,26.15,26.78,89.75,4.8,6.22,3.33,14.58
27.88,29.83,26.46,37.59,92.75,7.54,11.73,1.38,10.6
27.63,29.08,26.65,51.51,93.44,9.89,13.72,5.83,4.81
27.73,29.3,26.33,25.53,94.0,6.91,8.38,5.73,7.33
27.89,30.39,26.35,12.22,91.81,4.77,7.17,2.62,17.32
27.46,29.48,25.93,7.67,92.25,3.84,5.34,1.81,22.75
28.37,31.91,25.66,12.05,87.75,3.35,7.11,1.55,26.7
28.3,30.58,26.3,32.76,92.94,5.52,8.85,3.05,23.48
27.89,30.45,25.66,30.49,92.75,8.76,11.95,1.66,9.51
27.87,30.33,26.15,16.46,91.88,8.08,9.44,6.62,8.84
27.68,30.16,25.96,3.79,90.44,6.47,7.34,5.36,18.49
28.48,31.98,25.58,0.29,88.0,5.59,6.6,4.52,20.08
28.53,30.84,26.44,0.16,88.69,4.13,6.06,2.77,21.31
28.52,31.11,26.15,1.85,90.94,3.39,5.01,1.38,25.16
27.05,28.36,25.34,19.49,93.12,4.45,6.42,1.65,25.34
27.74,31.45,24.91,4.42,88.12,4.84,5.58,4.41,15.93
28.23,32.2,24.8,3.59,86.06,3.28,4.91,2.23,12.56
28.7,32.9,24.73,0.42,84.56,3.26,6.33,1.08,14.95
28.65,31.95,26.18,0.05,87.06,5.55,7.16,4.38,13.8
28.16,29.84,26.89,0.28,92.19,6.04,6.77,4.91,11.71
28.52,31.46,26.49,2.24,88.81,5.86,6.6,4.7,8.46
27.73,29.23,26.64,7.01,94.62,5.0,5.67,4.1,10.25
28.17,30.7,26.35,8.3,91.56,4.46,6.01,2.66,21.76
28.15,30.51,26.7,9.52,90.06,5.16,6.01,3.95,17.14
28.54,31.92,26.09,1.98,87.69,5.8,6.65,4.77,9.82
28.28,31.05,25.82,1.41,89.19,4.33,5.4,3.02,8.57
28.56,31.68,26.59,3.32,88.19,2.91,5.16,1.48,6.27
28.18,30.88,26.18,1.13,89.88,3.59,5.23,2.65,7.22
28.37,31.23,26.35,2.77,88.94,3.88,5.93,1.96,7.55
28.36,31.19,26.4,0.71,90.44,4.53,6.06,3.3,9.75
28.09,30.3,26.46,4.67,91.81,4.61,5.73,3.48,10.98
28.88,32.73,26.06,0.06,86.5,2.76,4.91,1.09,14.02
28.53,31.33,26.07,2.55,88.62,2.62,3.57,1.45,21.55
28.38,31.59,25.94,7.15,89.12,2.72,4.39,0.48,20.47
28.12,30.73,26.4,15.7,90.94,6.52,11.52,2.52,8.9
28.37,30.94,26.15,12.39,90.31,6.76,8.38,4.76,10.35
28.3,30.42,26.93,11.91,91.75,6.51,7.47,4.92,9.16
27.94,29.46,27.07,6.22,93.44,6.48,7.81,5.13,12.04
27.97,30.09,26.79,2.3,91.94,6.84,7.8,5.7,14.8
27.46,28.99,26.12,6.17,93.56,5.48,6.62,3.12,20.46
28.41,31.69,25.59,1.27,85.0,2.37,4.92,0.8,25.48
28.08,30.94,24.87,1.55,84.38,1.88,3.29,0.8,50.89
28.19,31.74,24.94,3.05,85.25,2.15,3.97,0.33,24.11
27.87,30.23,26.04,7.25,86.31,1.84,3.72,0.73,17.47
27.73,30.48,25.81,7.76,88.0,2.32,3.56,0.57,14.02
27.45,29.64,25.77,13.68,92.44,3.52,4.12,2.62,9.85
27.9,30.87,25.35,7.09,90.44,3.34,3.82,2.54,14.97
27.78,30.32,25.92,4.89,91.38,3.65,3.97,3.05,20.51
27.48,30.12,25.71,5.04,90.81,3.38,4.34,1.52,17.17
26.94,29.19,25.38,12.8,93.62,3.55,4.12,3.08,12.52
27.51,30.22,25.36,7.9,91.81,2.9,4.34,1.8,12.8
28.12,30.59,26.09,1.2,87.56,1.88,2.62,0.88,23.45
28.48,31.89,25.33,2.12,85.25,1.59,3.09,0.13,31.58
28.57,31.56,26.44,6.65,86.25,1.73,3.28,0.36,21.87
28.91,32.69,25.26,0.52,84.62,2.0,3.43,0.52,31.3
29.22,32.83,26.37,1.23,81.56,1.9,2.53,0.27,42
28.57,32.29,25.43,4.21,85.94,2.89,5.45,1.41,40.13
28.31,31.74,26.01,2.38,88.25,3.52,5.0,1.92,12.28
28.04,31.01,25.89,3.93,89.62,3.09,4.3,2.25,9.82
28.88,32.06,25.75,9.0,82.06,1.74,3.38,0.28,35.41
28.76,32.07,24.76,2.2,83.38,2.6,5.16,0.19,49.69
28.58,31.62,26.12,1.56,83.31,2.02,4.67,0.86,57.18
28.25,31.61,25.14,0.79,82.94,2.12,4.31,0.4,33.74
27.94,31.67,24.83,0.28,86.88,3.41,4.41,2.55,47.91
26.69,28.7,25.24,1.3,92.56,3.73,4.77,1.41,8.94
25.98,27.69,24.94,6.85,94.44,5.32,5.93,4.58,6
25.41,27.3,24.28,1.96,92.62,5.66,6.6,4.48,8.13
26.71,30.71,23.5,0.66,86.75,4.27,6.41,2.02,12.25
26.65,30.38,22.94,0.74,81.19,1.78,2.5,1.3,32.61
25.44,29.67,20.88,0.08,74.19,2.74,4.95,1.55,59.02
24.24,29.8,19.83,0.0,80.38,3.49,4.59,2.09,67.77
23.26,29.0,18.03,0.0,80.75,4.08,6.09,2.61,77.41
23.73,29.32,18.62,0.0,86.06,4.6,6.01,3.2,62.5
25.75,30.65,21.04,0.03,88.0,5.07,6.45,4.11,45.03
26.33,30.27,22.51,0.31,83.88,3.3,5.48,1.28,51.69
26.13,29.47,23.68,0.88,89.94,3.44,4.5,1.69,12.48
26.14,29.98,22.65,0.16,87.5,3.37,4.47,1.91,14.51
25.23,29.61,21.08,0.02,82.25,3.45,5.39,2.27,84.05
23.3,28.86,17.85,0.0,67.75,3.41,5.7,1.52,97.47
22.81,29.51,15.99,0.0,61.31,2.54,4.63,1.37,93.01
22.1,27.9,16.1,0.0,62.56,2.53,3.51,1.01,108.09
20.42,26.59,14.74,0.0,79.31,3.91,5.46,2.43,102.21
20.92,27.48,14.82,0.0,83.5,4.02,5.65,3.24,84.09
22.59,28.53,16.69,0.0,79.69,3.38,5.41,1.91,64.33
22.77,28.7,17.0,0.0,81.19,3.62,5.16,2.7,55.44
23.01,29.4,18.15,0.0,82.25,4.32,5.57,3.05,39.43
22.69,28.64,17.39,0.0,85.56,4.96,6.11,3.7,51.58
22.94,28.86,18.58,0.0,85.44,5.02,6.07,3.74,51.14
22.45,28.46,17.65,0.0,83.81,4.29,5.97,3.4,63.36
22.15,28.06,16.97,0.0,83.56,3.97,5.4,2.92,95.57
22.27,27.99,16.81,0.0,81.62,3.16,4.58,2.38,82.36
23.3,28.66,17.73,0.0,78.69,2.9,4.98,0.57,111.13
23.59,28.06,18.39,1.07,80.12,2.68,4.21,0.94,96.14
24.34,28.33,19.14,0.28,76.94,1.8,3.32,0.18,57.92
24.86,29.43,20.3,3.0,80.06,2.01,2.88,1.35,66.05
23.34,27.56,19.88,2.97,86.69,4.18,5.76,3.04,103.4
20.99,26.26,17.01,0.16,72.5,3.88,5.69,2.3,77.37
18.15,25.14,12.08,0.0,71.25,4.02,5.55,2.71,80.03
17.73,24.6,11.43,0.0,75.12,3.89,5.13,2.81,90.88
18.7,25.63,12.68,0.0,86.06,4.4,6.13,3.23,84.25
18.51,23.8,14.33,0.0,90.62,4.48,6.12,2.95,100.62
19.38,25.46,14.83,0.0,89.06,5.41,6.38,3.91,69.25
19.58,26.23,14.95,0.0,82.0,5.02,5.92,3.59,74.01
18.78,26.09,13.19,0.0,78.06,4.95,6.6,2.89,94.73
18.65,25.4,11.96,0.0,73.19,3.5,5.6,2.27,91.84
19.09,25.58,12.19,0.0,70.81,2.96,4.97,1.99,123.15
19.7,25.78,12.82,0.0,68.81,2.43,4.32,0.41,136.85
20.55,26.03,14.56,0.0,70.75,1.77,2.89,0.26,149.68
20.52,25.94,15.04,0.0,73.38,1.57,2.77,0.04,140.72
20.52,26.12,15.79,0.0,79.5,2.14,3.21,1.09,117.58
20.62,26.19,15.25,0.0,75.69,1.77,2.88,1.1,105.81
19.83,26.69,13.2,0.0,72.5,2.67,4.17,1.51,87.42
19.26,25.99,14.15,0.0,82.06,3.15,4.74,1.08,152.14
19.39,25.08,14.42,0.0,83.56,2.63,4.05,1.25,139.83
19.41,24.93,13.91,0.0,80.06,2.21,3.12,0.81,133.86
19.09,24.89,14.15,0.0,77.94,2.16,3.46,0.77,118.8
18.76,24.72,13.45,0.0,79.12,2.33,4.33,0.39,118.12
19.87,25.81,13.62,0.0,76.69,2.2,3.62,0.22,117.5
20.19,25.89,14.8,0.0,78.31,3.54,4.73,1.68,126.86
19.94,25.71,15.83,0.0,78.31,4.15,5.42,1.98,109.59
20.08,25.75,15.02,0.01,78.62,3.62,4.54,2.07,99.1
19.9,25.33,15.52,0.0,78.94,3.97,5.7,2.39,115.04
17.94,24.12,13.34,0.0,76.38,3.73,4.59,2.66,106.06
14.76,21.76,9.7,0.0,73.06,4.58,6.03,2.81,97.3
13.4,21.33,6.85,0.0,68.38,4.24,5.61,2.45,120.62
13.87,20.98,7.0,0.0,68.31,3.53,5.78,2.66,151.05
15.21,22.59,8.68,0.0,72.12,3.22,5.54,1.18,176.09
15.69,23.22,8.84,0.01,67.38,3.17,4.52,1.84,150.13
16.76,23.99,9.62,0.0,71.38,3.05,4.21,2.18,139
16.55,24.12,10.37,0.0,72.88,3.72,4.41,2.46,141.73
15.39,23.27,8.9,0.0,70.44,4.44,6.2,3.56,138.57
15.66,23.23,8.13,0.0,62.44,3.3,4.59,1.59,138.4
17.23,23.87,9.91,0.0,56.75,1.9,3.16,0.33,156.09
17.4,24.29,11.01,0.0,64.12,2.53,4.09,0.42,230.89
16.71,23.88,10.51,0.0,73.06,3.95,5.06,1.52,147.26
15.73,23.65,9.41,0.0,72.38,4.52,5.89,3.15,118.9
15.83,23.99,8.87,0.02,67.38,4.13,5.46,2.88,120.44
16.19,23.08,9.22,0.0,65.38,3.15,4.8,0.81,151.49
17.95,24.93,10.58,0.0,63.44,2.23,3.3,0.95,169.83
19.02,26.24,11.7,0.0,64.81,2.25,3.38,1.04,143.95
19.71,26.8,12.69,0.11,70.94,2.62,3.54,1.22,112.28
20.85,28.06,13.86,0.0,72.75,2.56,4.08,1.78,141.72
22.52,29.6,15.12,0.0,65.62,2.69,5.17,0.93,143.02
21.89,28.63,16.08,0.05,68.5,3.77,5.42,2.05,110.6
21.76,28.05,15.31,0.0,67.31,2.65,4.13,1.84,85.51
22.26,28.39,16.21,0.0,71.69,2.95,4.27,0.36,79.28
21.89,28.06,17.29,0.0,77.06,3.65,5.46,1.77,87.6
20.13,26.78,14.86,0.0,74.81,4.13,5.56,2.62,78.52
18.64,25.46,12.73,0.0,73.19,3.59,4.99,1.29,85.13
17.39,24.46,11.9,0.0,72.12,3.99,6.43,1.05,88.35
16.31,23.67,10.1,0.0,67.69,3.75,6.16,1.42,98.67
16.58,24.37,10.14,0.0,62.38,2.99,4.53,0.91,127.91
16.14,23.73,10.01,0.0,69.31,3.83,5.23,2.02,136.74
16.7,23.67,9.82,0.0,67.62,2.88,4.99,0.43,134.27
18.08,25.07,11.85,0.0,69.62,3.09,6.37,0.55,125.72
21.05,27.39,15.75,0.0,78.5,3.85,5.74,0.35,93.9
18.81,26.64,12.38,0.0,60.94,4.53,6.7,2.45,104.31
17.03,25.69,10.9,0.01,59.62,3.61,5.53,0.48,96.93
17.32,24.54,11.49,0.0,57.75,2.62,3.95,1.46,113.2
18.63,26.56,11.22,0.0,61.69,2.61,3.98,1.03,106.89
19.02,27.19,12.12,0.0,69.12,3.6,5.99,0.62,110.55
18.51,25.62,12.71,0.0,69.0,4.05,5.88,1.91,102.96
17.39,25.18,11.05,0.0,63.81,4.43,5.7,2.45,101.04
16.33,25.44,8.58,0.0,56.06,4.84,6.27,3.03,92.74
17.8,26.05,9.6,0.02,53.5,3.09,4.16,1.45,111.23
17.73,25.48,12.08,0.02,59.44,4.5,6.31,1.23,116.04
15.39,24.15,8.12,0.0,49.44,4.48,5.9,2.57,111.06
16.28,24.72,9.17,0.0,46.0,3.29,4.9,1.55,100.59
16.76,25.35,8.17,0.0,48.19,3.52,4.83,2.39,114.04
18.34,27.0,11.25,0.0,46.88,3.02,4.55,1.73,147.32
18.74,27.85,10.86,0.0,50.12,3.45,4.8,1.91,134.73
20.12,28.76,12.03,0.0,49.5,2.88,3.76,1.46,119.26
20.13,28.91,12.16,0.04,54.75,3.85,7.98,1.32,121.8
18.89,27.12,13.29,0.81,63.88,5.3,6.57,3.4,49.25
18.39,27.37,10.67,0.0,52.06,4.3,5.09,3.38,72.82
19.6,28.96,10.9,0.0,48.31,3.19,4.95,0.54,109.72
21.06,29.86,13.13,0.0,48.12,2.32,4.59,0.37,135.41
21.66,29.87,15.4,0.0,62.94,2.72,4.52,1.21,89.63
22.09,30.4,13.73,0.0,56.94,2.95,4.92,0.1,84
22.7,30.57,15.3,0.0,61.06,2.09,3.25,1.26,96.52
22.48,30.36,15.43,0.0,62.0,2.84,5.45,0.89,78.45
22.76,30.64,15.65,0.0,60.06,3.59,5.59,0.59,66.12
23.54,31.67,15.01,0.0,51.12,2.28,3.42,0.52,85.35
23.69,31.35,16.93,0.08,63.0,2.77,4.48,0.63,107.47
24.35,32.41,17.01,0.01,49.19,2.84,4.8,1.56,100.72
24.17,30.94,17.86,0.0,49.62,3.35,5.12,2.52,123.02
23.86,29.86,19.08,0.0,48.5,2.61,5.44,0.05,102.2
23.98,32.44,15.64,0.0,39.56,3.82,5.35,1.11,110.25
23.9,32.19,15.03,0.0,37.62,3.42,5.51,1.33,110.92
24.12,32.71,15.7,0.0,41.88,3.29,4.48,1.95,91.39
24.77,33.58,16.65,0.0,53.44,3.52,4.7,1.98,82.88
25.3,34.57,16.61,0.0,49.25,4.08,5.3,2.64,89.68
26.43,35.83,17.84,0.0,52.06,4.34,6.03,1.7,70.77
26.55,35.66,18.01,0.0,45.0,3.78,5.71,1.81,61.42
27.15,36.71,18.17,0.0,51.38,4.57,6.45,2.9,53.84
28.0,36.82,20.8,0.0,52.5,4.65,7.16,1.34,52.18
27.44,35.76,20.06,0.0,39.81,3.1,6.02,0.3,63.29
26.56,34.94,19.05,0.0,43.12,3.57,4.85,0.39,57.23
25.84,35.12,17.34,0.0,44.38,3.98,8.11,1.38,87.82
27.23,36.68,19.6,0.0,57.75,6.56,9.23,3.95,53.81
27.54,36.69,19.71,0.0,47.06,4.51,7.56,2.24,59.71
28.04,37.02,21.24,0.0,46.94,2.1,3.9,0.39,64.66
27.31,36.72,19.05,0.0,50.06,3.95,7.58,1.73,54.28
28.15,37.14,21.12,0.0,61.0,5.96,8.06,2.77,31.21
28.82,36.82,22.9,0.12,60.94,4.8,7.45,0.69,23.54
28.66,36.77,22.4,1.77,63.0,4.45,6.58,2.63,32.83
28.9,36.59,21.87,0.06,55.25,2.81,4.85,1.77,34.51
28.05,35.44,21.58,0.31,53.0,3.58,6.25,0.23,59.37
28.13,35.92,20.12,0.0,44.31,2.63,3.98,0.41,55.19
28.12,35.98,20.09,0.0,50.0,3.7,5.09,2.47,54.03
28.97,37.26,20.52,0.0,45.44,3.39,4.06,1.83,64.69
29.08,37.4,20.44,0.0,42.81,3.23,4.86,1.2,76.74
29.24,37.8,20.92,0.0,43.25,3.73,5.2,2.45,75.11
29.38,38.38,20.55,0.0,42.75,3.63,5.77,2.17,86.97
29.69,37.46,23.07,0.0,41.38,3.79,5.83,1.98,96.76
30.9,39.01,22.84,0.0,44.44,2.27,5.71,0.5,77.67
31.76,39.9,23.36,0.0,45.06,2.23,3.93,0.16,81.5
31.87,40.08,23.53,0.0,41.56,3.06,5.96,1.72,83.66
32.02,39.4,25.74,0.0,43.69,4.27,6.62,2.39,70.17
31.69,39.29,25.18,0.0,38.56,4.09,5.96,1.99,56.51
30.89,38.77,23.39,0.0,41.75,3.55,4.62,2.29,72.03
31.33,39.5,23.48,0.0,47.62,2.81,5.36,0.78,68.61
30.88,38.77,23.54,0.0,50.25,4.27,7.46,1.34,67.68
31.55,40.35,24.74,0.0,53.75,5.59,7.66,2.7,51.2
32.44,42.49,24.78,0.0,54.06,6.06,8.38,3.96,50.99
32.77,43.83,23.59,0.0,40.69,4.56,6.44,1.23,59.4
31.4,41.51,23.01,0.0,46.31,3.85,8.55,0.7,57.98
31.33,40.0,24.14,0.0,55.56,3.78,7.04,0.89,48.27
31.36,39.99,23.3,0.0,54.38,3.86,6.8,1.09,40.65
31.26,39.38,23.79,0.42,52.0,4.37,7.44,2.65,39.55
30.68,38.19,24.08,5.01,49.44,3.45,6.62,0.4,42.14
30.02,37.93,23.83,3.1,54.88,6.1,7.85,4.4,37.83
30.17,37.88,24.15,0.0,61.5,7.44,8.63,6.36,31.41
30.35,37.12,26.2,0.41,61.06,8.04,9.03,6.64,32.12
30.24,36.86,26.01,0.62,59.5,6.62,8.02,5.34,35.53
31.44,39.47,25.4,0.0,56.25,5.39,7.56,2.77,38.49
32.41,41.06,24.97,0.06,52.12,5.05,7.98,2.62,33.96
32.58,40.76,26.3,0.94,49.31,5.52,7.58,3.88,35.65
32.61,41.3,24.9,0.0,48.0,5.48,8.17,3.2,28.54
32.93,41.59,25.85,0.01,50.56,6.74,8.56,4.57,29.49
31.84,39.33,26.66,0.0,52.75,6.25,8.84,3.85,33.37
31.48,38.7,26.35,0.0,53.69,6.77,8.57,5.16,34.34
31.23,39.89,24.83,1.07,54.75,6.55,8.35,4.11,20.32
30.44,37.9,24.55,6.88,60.94,6.02,8.59,4.58,16.15
31.33,40.06,24.65,0.85,53.69,5.12,8.2,2.71,25.51
31.87,40.51,24.74,0.0,58.5,6.03,8.3,3.65,27.12
32.31,40.84,25.93,1.41,59.12,6.83,8.12,5.55,23.27
30.96,36.87,25.73,8.35,63.19,4.91,6.99,3.17,38.82
31.45,39.14,24.84,0.15,52.88,3.95,5.62,2.48,61.3
31.91,39.78,24.03,0.0,45.62,4.75,7.56,2.64,53.77
32.79,41.9,24.88,0.0,52.75,5.27,7.84,2.48,38.9
32.71,41.42,26.06,0.0,53.62,6.09,8.54,4.48,37.44
32.38,40.57,26.46,0.0,55.69,5.7,7.98,3.1,33.7
32.8,40.94,26.1,0.0,55.56,5.46,7.42,3.38,32.37
30.51,35.3,26.69,0.0,61.62,4.66,5.66,4.07,26.48
31.82,39.78,25.34,0.21,56.69,5.6,7.57,4.45,31.06
32.57,40.55,26.42,1.49,52.5,5.08,7.49,3.68,28.77
31.87,39.3,25.58,2.21,58.19,5.18,7.66,3.48,27.95
30.51,37.14,25.98,12.96,64.69,5.47,7.26,3.43,29.07
28.42,32.43,25.51,13.43,70.81,3.74,6.48,1.87,25.54
29.14,34.77,24.24,2.65,65.06,4.41,6.03,3.15,25
30.23,36.98,24.78,6.1,65.69,4.58,7.59,2.71,16.08
30.81,37.46,25.68,6.53,65.69,5.57,7.92,4.01,17.24
31.3,38.08,25.8,1.44,61.25,5.1,7.41,1.62,20.21
30.93,37.07,25.92,5.37,64.38,5.12,7.3,2.92,16.5
30.94,37.35,26.05,9.06,66.69,5.42,7.75,3.13,20.62
30.46,35.44,26.72,15.76,72.06,5.43,7.31,4.23,12.72
30.56,36.12,26.14,20.07,69.44,4.43,7.44,2.25,20.13
30.83,36.76,26.5,5.29,68.5,4.65,7.72,1.2,22.76
31.19,37.84,25.57,2.7,65.31,4.91,6.41,3.55,25.65
32.16,39.49,26.44,0.18,65.06,5.74,7.02,4.33,21.49
32.36,38.9,27.04,0.59,66.12,5.44,7.47,3.18,10.65
32.85,38.9,28.46,0.01,66.5,5.76,7.73,3.6,12.95
33.08,39.8,28.21,0.82,67.44,6.56,8.67,5.27,13.61
32.32,37.69,28.39,2.62,70.62,5.8,7.63,3.8,15.67
31.21,34.26,28.97,2.29,78.31,6.24,7.86,4.96,12.17
31.52,36.98,28.15,2.18,72.44,5.73,7.66,4.27,11.23
32.09,37.76,27.97,1.02,67.06,4.54,6.47,2.51,16.48
32.31,36.55,27.95,3.88,65.81,2.44,4.81,1.23,28.08
30.78,35.18,27.33,8.19,69.25,4.71,7.13,2.34,25.4
28.76,32.33,26.2,34.26,80.31,10.49,13.05,5.53,12.25
28.26,30.98,26.01,38.4,82.31,16.63,19.19,12.95,15.07
29.51,32.37,27.75,40.06,82.69,12.95,15.45,8.43,16.71
29.87,34.18,27.18,16.56,83.19,7.69,8.64,5.95,19.28
30.01,34.65,26.48,0.3,79.75,5.93,6.95,4.96,26.89
29.99,34.31,26.85,9.52,81.19,6.3,7.26,5.35,24.32
29.42,32.06,27.7,12.73,88.56,6.88,7.74,5.69,17.01
29.54,32.3,27.64,9.97,87.69,5.67,6.55,4.71,24.42
29.75,33.13,27.37,9.46,83.31,4.66,6.18,2.85,16.92
29.82,33.4,27.02,0.15,82.38,5.31,6.75,4.05,18.68
30.01,33.12,27.28,0.01,81.81,4.97,6.98,3.24,21.69
30.31,34.74,27.69,0.58,79.69,5.77,6.94,4.47,22.48
30.01,33.48,27.39,3.83,82.31,6.48,7.69,4.49,22.34
30.35,33.69,28.22,6.99,83.69,7.91,8.67,7.13,19.77
29.8,32.78,28.0,15.6,86.25,7.55,8.38,6.57,14.66
27.59,29.36,26.1,10.67,84.62,5.62,9.53,2.08,23.94
27.37,29.58,25.51,2.74,88.19,4.53,5.73,2.73,19.55
28.17,30.54,25.83,8.37,87.31,2.8,4.43,0.89,17.97
28.62,31.56,26.01,9.96,84.25,3.67,5.2,1.95,17.19
29.21,32.56,26.41,9.18,83.44,4.05,5.52,2.48,16.02
29.26,32.5,26.95,20.15,86.0,5.76,6.97,4.22,21.64
28.98,32.51,27.02,23.53,85.62,5.23,7.39,3.56,19.4
28.08,30.4,26.53,44.15,88.94,6.3,9.11,4.96,19.01
27.34,29.33,25.59,80.75,90.88,10.12,13.02,4.23,16.61
27.7,30.37,25.26,26.6,88.19,5.49,7.7,3.17,14.63
27.72,29.98,25.83,17.0,88.94,6.29,7.98,3.38,16.2
27.52,29.33,25.95,26.39,90.44,6.43,8.2,5.12,20.82
28.1,30.52,26.24,11.51,87.38,5.56,6.77,3.7,25.85
28.44,31.82,26.18,6.3,87.75,5.42,7.2,3.83,18.48
27.87,30.76,25.93,7.16,88.06,7.91,9.86,5.55,19.8
28.73,32.39,25.7,1.63,85.0,5.74,7.99,4.32,20.99
28.71,32.18,26.07,3.22,85.88,5.42,7.75,3.99,26.96
28.76,31.99,26.31,5.71,86.56,6.57,8.25,4.98,19.64
28.94,32.4,26.58,7.37,86.88,5.95,7.58,3.91,15.59
28.4,31.09,26.49,4.16,88.06,7.03,7.72,5.57,22.87
29.23,32.75,26.51,0.43,86.75,7.79,9.12,6.95,19.02
28.92,30.95,27.69,7.81,91.25,7.89,8.74,6.77,20.38
28.96,31.61,27.48,11.7,90.06,8.91,9.94,7.63,17.41
28.33,30.57,26.74,23.23,89.88,7.02,9.9,5.66,19.38
28.11,29.53,27.15,13.0,92.88,4.45,7.22,3.08,19.83
28.86,31.97,26.69,8.09,86.69,4.3,6.01,2.27,23.31
29.2,32.53,26.36,6.72,85.12,3.33,6.12,2.26,27.2
29.19,32.28,26.82,2.53,88.38,5.2,7.1,2.79,41.89
28.83,30.96,27.2,17.81,90.88,5.7,7.08,4.68,32.69
28.62,31.52,26.58,24.13,87.81,5.73,6.3,4.95,18.06
28.8,32.28,26.0,5.34,83.81,5.15,6.38,3.48,23.16
28.89,32.48,26.24,2.4,86.62,4.41,6.29,2.83,28.99
28.8,32.08,26.35,5.48,88.0,4.75,7.02,1.76,10.29
28.32,30.69,26.46,6.06,89.5,5.14,6.62,2.82,8.05
28.3,31.55,25.91,5.61,87.31,5.16,6.79,3.1,12.27
28.49,31.62,26.23,3.54,86.69,6.95,8.45,5.16,10.15
29.17,32.81,26.28,0.72,82.62,4.14,6.13,2.97,13.41
28.65,31.37,26.27,1.38,84.94,3.47,6.32,0.5,15.03
28.47,30.4,26.89,9.3,88.75,5.53,6.44,4.51,15.8
29.28,32.77,26.64,4.99,85.0,5.4,7.73,3.95,13.21
28.71,30.97,26.89,9.7,89.75,5.22,7.52,3.62,16.16
28.98,31.72,27.1,20.51,87.25,3.98,5.08,1.91,26.25
29.33,33.33,26.21,6.85,84.0,3.18,6.1,0.59,29.88
28.94,32.35,25.98,6.5,86.25,5.5,7.88,2.73,11.41
29.12,31.88,26.96,25.18,89.75,8.14,10.16,5.17,12.71
28.33,31.16,27.22,11.04,91.56,7.2,9.7,5.31,12.06
29.37,32.85,26.55,1.19,85.88,4.05,5.98,2.32,22.4
28.89,31.19,27.62,9.35,89.19,6.07,7.72,4.88,30.37
28.28,30.64,26.59,22.25,91.0,6.39,7.8,4.23,27.39
28.7,31.25,26.62,27.47,90.69,6.88,8.02,5.86,17.83
27.55,28.96,26.56,159.91,93.88,10.79,15.25,5.32,9.38
28.3,31.29,26.05,32.57,90.5,7.87,9.78,5.7,11.99
28.48,31.51,26.01,0.44,88.0,7.14,8.3,5.7,14.99
28.13,30.34,26.39,0.63,90.0,5.66,7.13,4.12,19.94
27.52,29.62,26.05,5.64,90.88,5.06,6.41,3.73,25.99
28.57,31.85,25.76,15.35,87.38,4.12,5.23,2.42,29.23
27.84,30.21,26.01,18.87,91.19,4.48,7.66,2.49,34.71
28.47,31.56,26.01,26.11,88.75,6.08,9.25,2.76,27.8
28.26,30.58,25.87,9.67,90.0,5.27,6.81,3.52,33.46
28.77,31.08,27.08,24.15,90.38,4.92,6.9,2.62,25.31
28.26,30.39,26.86,15.42,91.75,5.81,6.73,4.76,20.14
29.19,32.2,27.07,3.55,88.62,6.02,7.02,5.24,23.63
28.51,29.95,27.33,0.82,92.69,5.95,7.02,4.41,21.47
28.56,30.43,27.58,3.33,93.19,6.09,6.78,5.47,26.45
28.62,30.51,27.26,21.06,92.94,7.02,8.07,5.94,30.76
28.33,30.95,26.48,3.34,91.19,4.23,6.06,1.75,27.48
29.17,32.25,26.82,7.81,89.12,4.84,6.37,2.88,28.95
28.88,31.73,26.95,3.47,89.44,3.95,5.73,1.66,16.24
28.67,31.97,26.45,1.8,88.25,4.3,6.58,2.78,15.5
28.03,29.44,26.76,11.84,91.88,6.78,8.61,4.8,13.22
27.7,29.23,26.37,14.16,92.69,5.91,7.21,4.13,12.55
27.46,29.12,26.3,14.8,93.19,6.62,7.41,5.66,9.49
27.48,29.44,26.03,6.54,92.38,6.18,6.91,5.18,5.95
27.8,30.87,25.73,4.08,88.75,5.87,6.7,4.7,8.75
28.13,31.4,25.51,1.77,88.62,5.89,7.34,4.02,10.46
28.64,32.12,25.76,0.2,87.94,5.84,7.0,4.59,12.3
28.41,30.6,26.48,1.36,91.19,4.88,6.23,3.51,22.13
28.27,30.44,26.88,8.58,92.06,5.77,7.01,5.21,21.42
27.79,29.25,26.41,31.92,93.94,4.15,6.3,2.01,22.86
27.32,30.12,25.64,14.7,92.19,6.11,7.47,4.33,21.76
28.15,31.29,25.89,4.1,89.94,5.98,7.33,4.98,10.35
27.76,30.51,25.55,4.66,90.31,5.38,6.63,3.85,6.96
27.23,29.63,25.58,12.73,92.25,5.27,7.0,4.16,9.85
27.89,31.32,25.5,4.52,89.56,5.16,6.05,3.91,13.95
28.2,31.73,25.21,1.09,86.38,3.45,6.19,1.85,21.38
28.22,31.01,26.08,3.42,83.69,2.65,5.95,0.6,17.92
27.7,30.96,24.94,1.23,86.25,3.03,5.25,1.2,18.88
28.4,32.06,25.41,3.24,86.0,3.26,6.32,1.08,27.11
28.62,32.13,25.92,2.04,87.31,3.68,5.58,0.81,22.01
28.52,31.22,26.56,10.79,90.88,6.74,8.48,3.1,12.65
27.58,29.51,26.15,25.76,92.56,7.27,8.68,4.99,14.26
27.5,29.54,25.86,14.44,92.44,3.96,5.11,3.01,12.34
27.98,30.9,25.89,5.41,87.31,3.03,4.45,0.41,14.73
28.24,31.05,24.78,2.4,86.25,2.34,5.85,1.04,30.56
27.9,31.08,25.88,19.94,90.44,6.67,7.37,5.25,14.58
27.83,30.98,25.86,12.62,91.25,7.32,9.51,6.26,12.42
27.54,28.97,26.28,19.07,94.0,8.57,11.65,5.31,12.07
27.46,28.98,26.48,106.02,93.62,8.52,9.93,7.45,10.35
27.26,28.41,26.28,43.82,95.5,6.07,7.29,4.66,9.32
28.04,31.43,25.7,2.93,86.94,3.35,5.05,1.71,11.58
27.79,31.12,25.3,4.27,89.25,3.87,6.04,1.47,21.83
27.65,30.73,25.74,11.47,88.25,3.2,5.56,1.12,20.4
27.23,29.87,25.37,42.21,90.12,2.74,4.8,0.29,29.7
26.76,28.6,25.46,36.13,94.06,4.31,6.51,2.59,15.31
26.83,28.33,25.83,46.55,95.0,6.75,7.63,5.93,12.48
26.93,28.78,25.71,17.94,93.5,4.02,5.97,1.67,16.34
27.07,29.23,25.61,7.35,93.44,4.45,5.09,3.54,16.75
28.2,31.91,25.28,0.96,85.5,2.07,3.77,0.95,30.42
28.2,31.8,24.84,0.29,87.62,3.29,5.38,1.65,46.58
27.57,30.78,25.15,8.84,91.12,5.16,6.91,2.42,19.6
27.4,30.36,25.1,5.82,91.88,4.42,6.34,3.5,14.1
26.3,27.58,25.42,65.98,93.94,6.84,10.56,4.48,5.6
26.73,28.94,25.33,38.08,90.5,2.99,6.17,0.43,7.57
26.97,29.54,25.37,19.45,92.44,4.41,5.32,3.49,8.99
27.33,30.52,25.12,1.81,89.75,3.81,6.16,1.84,6.8
27.55,30.93,24.8,0.99,90.06,4.79,6.78,3.5,8.39
27.56,29.65,26.25,2.71,92.94,5.59,6.85,4.29,11.88
27.37,29.58,26.01,3.52,92.12,4.59,6.9,2.01,21.84
27.56,29.85,25.93,5.08,91.44,3.73,6.23,1.14,14.78
27.73,31.39,25.04,2.95,86.62,2.81,5.46,0.92,17.68
28.16,32.15,24.98,3.16,87.31,3.36,5.44,0.79,22.07
28.48,31.55,25.55,4.32,85.69,2.34,4.8,0.52,38.31
28.21,31.76,24.91,1.39,86.25,2.27,4.15,1.18,47.9
27.81,31.47,24.68,4.33,87.0,3.39,4.79,2.63,44.47
27.83,31.33,24.86,1.48,87.62,3.36,4.92,2.31,54.81
28.12,32.12,24.53,0.01,85.5,3.1,4.14,2.16,59.78
27.23,29.16,25.35,2.83,91.56,3.1,4.69,1.49,55.65
27.98,31.28,25.37,13.4,87.56,2.27,3.9,0.26,23.61
28.74,32.75,24.94,9.72,82.5,2.27,3.17,1.52,23.72
27.86,30.84,26.06,13.84,91.0,3.59,5.66,0.8,6.97
26.91,28.67,25.68,48.64,94.5,4.8,7.91,0.76,5.69
26.6,27.71,25.74,46.43,94.5,8.13,11.74,6.09,6.41
26.66,28.15,25.66,28.83,94.56,7.1,7.77,6.56,7.76
27.38,30.0,25.77,8.64,91.19,5.38,6.66,3.95,15.81
26.09,28.86,23.92,0.47,85.81,3.74,5.51,2.26,36.25
25.94,29.72,22.31,0.11,77.12,1.87,3.04,0.71,42.68
25.66,29.51,20.77,0.0,70.94,1.27,2.61,0.68,72.42
25.77,29.7,21.16,1.03,73.81,1.52,2.84,0.61,65.42
26.09,29.12,23.44,2.92,76.69,1.05,1.95,0.21,66.55
25.57,29.22,22.14,0.71,83.5,2.22,3.04,1.03,64.11
25.13,28.62,21.79,1.91,88.06,3.91,5.13,2.12,48.81
25.14,28.44,22.51,2.58,88.31,4.15,5.77,1.74,46.79
24.33,29.01,20.34,1.48,86.75,4.92,6.27,3.87,52.43
24.19,28.72,19.7,0.0,84.0,3.7,5.65,2.24,46.5
24.01,28.68,19.44,0.0,80.75,3.2,5.34,1.84,51.56
23.51,27.41,20.01,0.0,83.94,2.7,3.71,1.53,66.84
23.43,27.8,19.03,0.0,82.19,3.14,4.08,1.91,63.96
23.76,28.01,19.3,0.0,78.31,2.15,3.41,1.16,53.18
24.27,28.63,20.12,0.0,78.5,1.77,3.02,0.5,85.36
22.35,26.97,17.98,0.0,81.69,3.14,4.43,1.83,84.06
21.63,27.15,16.08,0.0,80.69,3.59,5.34,1.95,62.93
21.09,26.6,15.76,0.0,79.06,3.32,4.62,2.38,66.8
20.67,26.17,15.33,0.0,83.06,3.79,5.69,1.89,64.58
20.87,26.26,15.47,0.0,86.0,3.33,5.55,2.32,68.89
21.94,26.88,16.38,0.0,82.88,2.3,4.03,0.64,66.75
22.51,27.12,17.06,0.0,82.12,2.23,3.19,1.52,60.79
23.96,28.7,19.42,0.24,83.31,2.69,5.22,1.17,54.13
24.12,27.55,21.49,3.59,88.94,2.48,4.38,0.21,38.75
24.68,28.44,21.73,3.84,88.31,1.98,3.45,0.5,35.22
23.69,27.11,21.19,4.88,90.12,1.98,3.17,0.53,31.54
22.55,26.12,19.91,0.86,90.5,3.93,5.35,3.13,51.46
22.34,27.61,18.9,0.0,87.62,4.81,6.01,3.55,64.02
21.51,27.22,16.23,0.0,83.69,4.02,6.27,2.73,58.15
22.36,27.31,17.85,0.0,79.88,2.39,3.28,1.3,67.89
23.32,28.22,18.21,0.0,79.06,1.6,3.19,0.9,72.34
23.26,27.4,18.94,0.0,82.56,1.88,3.09,1.4,85.08
24.08,28.69,19.24,0.0,77.88,1.54,2.2,0.96,106.7
23.38,28.23,19.72,0.0,83.12,3.32,5.95,1.58,82.12
20.88,26.44,16.81,0.0,80.44,4.5,6.15,3.0,68.03
20.94,26.9,15.48,0.0,71.81,3.09,4.84,1.7,74.61
20.38,26.1,15.25,0.0,79.25,3.32,5.57,2.02,71.98
19.89,26.09,15.22,0.0,82.38,3.54,4.49,1.68,90.82
18.95,24.97,13.3,0.0,84.44,3.73,5.18,1.66,89.26
19.05,24.73,13.69,0.0,86.69,3.48,4.97,1.74,69.96
19.01,25.13,13.59,0.0,87.88,4.27,4.84,3.26,72.09
19.55,25.61,14.25,0.0,85.06,4.06,5.8,2.8,70.1
20.42,26.7,13.72,0.0,79.62,2.74,4.95,1.42,93.07
20.87,26.37,14.85,0.15,83.88,2.72,4.03,1.59,83.16
20.4,22.65,18.37,21.73,94.38,4.76,5.98,3.44,69.52
22.3,25.19,20.09,37.68,94.19,6.48,7.2,5.54,31.78
23.02,27.05,19.97,36.84,92.75,5.48,7.27,2.91,5.68
21.37,25.71,18.11,2.31,89.19,4.07,5.38,2.88,21.58
20.78,25.89,16.05,0.05,88.56,4.19,5.01,3.1,39.68
20.93,25.74,16.5,1.63,88.56,3.99,5.33,2.25,46.16
20.17,23.93,17.15,0.84,80.56,3.28,6.59,0.41,45.39
19.18,25.06,14.37,0.15,81.06,3.78,6.33,1.65,93.96
17.93,24.01,13.58,0.0,82.44,5.16,7.14,3.59,79.25
17.33,23.26,11.87,0.0,80.75,3.21,4.38,1.83,96.04
17.12,22.63,11.55,0.0,79.69,2.88,4.42,0.82,105.52
17.08,22.38,11.77,0.0,76.31,2.18,3.56,1.01,112.49
16.65,22.11,12.08,0.0,84.62,3.69,4.48,2.55,110.22
16.98,23.26,10.38,0.0,77.81,3.04,4.87,1.33,86.22
17.35,23.8,11.12,0.0,84.88,4.12,6.67,1.88,116.8
14.83,20.8,10.6,0.0,78.25,5.52,7.1,3.7,60.07
12.55,19.53,6.2,0.0,76.81,4.29,6.51,2.14,63.92
13.08,19.9,6.52,0.0,81.12,3.91,6.16,2.51,86.23
13.69,20.57,8.26,0.0,77.12,4.29,6.32,2.89,81.36
15.46,22.58,8.85,0.0,77.62,3.19,5.48,1.3,95.74
17.26,23.03,10.47,0.0,70.12,1.38,3.4,0.11,97.11
18.27,23.63,12.94,0.0,73.88,1.49,2.36,0.47,115.99
19.51,24.09,15.88,0.0,77.38,1.19,1.94,0.21,49.27
19.47,24.34,14.96,0.0,76.62,1.59,2.83,0.06,55.41
18.99,24.13,14.08,0.34,83.31,2.64,3.98,1.09,65.45
19.09,24.39,14.33,0.56,84.25,3.3,6.27,0.52,100.7
18.01,23.59,14.57,0.86,85.81,4.77,5.82,3.63,102.79
17.98,23.57,13.89,0.18,84.69,5.04,6.58,4.23,68.81
16.42,22.55,12.3,0.0,82.5,4.89,5.52,3.31,86.75
15.82,21.93,11.42,0.05,85.31,4.93,6.32,4.14,84.11
15.66,22.44,10.42,0.09,82.75,4.7,7.03,2.51,78.85
14.79,21.93,9.08,0.05,82.0,4.59,6.52,3.51,110.31
15.53,22.55,8.38,0.0,78.44,3.59,6.07,0.97,113.42
17.05,23.59,10.22,0.0,75.88,2.76,4.13,1.23,104.45
17.44,24.06,11.22,0.0,76.69,3.59,5.36,2.22,118.48
18.17,24.96,11.15,0.0,78.31,3.39,5.55,1.3,92.8
19.47,25.58,12.73,0.01,78.25,2.28,3.23,1.53,117.92
20.27,25.27,14.85,0.0,77.0,1.6,2.33,0.38,109.4
19.6,23.92,16.25,1.37,83.62,2.01,3.95,0.34,100.06
18.5,22.11,15.4,10.95,90.81,2.2,3.97,0.62,47.75
18.47,21.99,15.12,1.58,87.5,3.38,4.38,2.37,61.83
16.55,19.58,14.1,8.22,88.38,4.78,5.57,3.45,54.89
16.04,20.94,12.39,0.05,83.38,4.59,5.75,3.64,61.2
15.71,22.44,10.8,0.01,80.0,6.1,7.45,5.04,68.92
14.55,21.41,9.01,0.04,82.0,5.19,6.94,3.03,75.98
13.93,21.63,8.17,0.04,79.88,4.75,7.19,2.6,89.47
15.33,22.38,9.39,0.06,83.06,4.14,6.05,2.29,98.59
15.98,22.42,10.04,0.05,79.44,3.32,5.51,1.24,112.95
18.08,23.83,11.76,0.07,72.06,1.45,2.6,0.66,138.53
19.09,24.69,14.12,0.55,78.31,2.36,4.83,0.27,89.62
19.76,25.62,14.98,0.59,86.19,5.05,6.62,4.08,102.65
20.11,24.58,17.11,16.46,88.12,3.8,4.99,1.88,74.64
18.97,24.19,14.44,0.06,82.06,2.61,3.88,1.45,84.7
18.21,22.78,14.87,0.36,83.0,3.43,5.15,0.45,85.4
16.04,21.58,12.39,0.09,78.69,4.63,5.8,3.74,74.3
14.03,20.69,8.44,0.03,77.94,4.59,5.79,3.12,77.98
13.78,20.36,7.66,0.01,77.44,4.55,5.96,2.7,91.79
15.4,21.94,7.95,0.0,71.81,2.65,5.02,0.31,117.69
17.43,24.03,11.46,0.0,72.94,3.03,5.3,1.37,84.43
18.55,25.45,11.98,0.04,78.75,3.2,5.2,1.56,64.06
19.95,26.69,13.24,0.0,68.81,1.82,3.17,0.84,67.71
20.29,26.89,15.15,0.2,84.06,5.03,8.02,3.03,42.07
20.92,26.06,16.69,22.01,84.38,8.3,13.18,4.93,23.02
16.73,22.67,11.05,0.02,72.69,4.93,7.38,2.12,39.05
15.79,22.29,9.48,0.0,75.5,3.09,4.34,1.53,55.06
17.08,23.5,10.48,0.0,73.06,2.16,4.38,0.43,55.24
18.87,24.67,12.78,0.0,70.56,1.63,2.52,0.6,73.96
19.73,26.18,14.34,0.02,74.75,2.02,4.42,0.74,80.88
20.37,25.9,15.25,0.24,81.69,3.48,5.03,1.38,63.04
19.07,24.01,14.84,0.15,72.62,4.81,6.91,1.52,90.94
17.54,23.88,12.42,0.0,62.88,2.99,4.82,0.55,60.05
16.9,24.31,9.97,0.0,67.56,4.08,5.21,2.95,60.57
17.58,24.94,10.39,0.0,66.56,3.77,5.25,2.41,70.32
18.36,25.4,10.87,0.0,63.44,2.63,3.98,0.77,97.73
18.4,24.94,10.5,0.0,66.81,3.09,4.59,0.55,102.76
20.04,26.45,12.8,0.0,68.88,2.7,4.49,0.84,116.12
19.63,26.61,12.54,0.0,61.31,3.57,4.98,1.8,99.93
19.95,27.23,12.26,0.0,61.38,3.02,4.62,0.96,103.39
20.71,25.83,15.9,1.04,77.19,4.16,5.99,1.05,80.32
20.55,27.87,13.79,0.05,70.0,3.74,6.91,0.46,66.19
21.73,27.85,15.96,0.16,76.5,2.38,6.62,1.05,67.3
22.54,28.84,17.19,0.06,68.12,1.53,2.76,0.2,74.1
22.69,29.81,17.19,0.24,80.0,4.78,7.9,2.3,51.88
23.31,29.62,18.69,0.44,78.62,4.45,7.26,2.96,112.39
23.42,30.23,18.4,0.16,77.94,3.33,5.88,1.33,114.72
23.8,30.67,16.88,0.0,70.0,2.57,4.34,0.43,93.26
24.15,30.88,18.31,0.02,71.81,3.88,4.83,2.7,54.8
23.76,29.83,18.27,0.28,71.44,3.12,3.8,2.35,81.44
23.51,30.49,17.63,0.0,68.38,3.6,4.77,1.91,93.01
23.46,30.63,17.33,0.0,67.94,2.92,4.65,0.8,94.42
23.48,30.51,16.19,0.0,61.25,2.85,4.22,0.61,102.06
24.11,31.55,17.05,0.0,65.25,3.75,5.29,1.55,86.63
23.94,31.44,17.59,0.0,61.69,3.76,6.41,1.51,65.92
22.68,30.84,16.16,0.0,64.25,4.84,5.82,3.2,76.15
23.27,31.6,15.2,0.0,63.19,4.34,5.58,2.81,81.54
24.12,32.27,16.48,0.0,59.25,3.7,5.3,1.63,97.27
23.58,32.05,15.62,0.0,58.44,4.0,5.49,2.18,109.66
24.1,32.3,15.76,0.0,57.31,3.86,5.56,2.05,85.64
24.81,32.29,17.57,0.0,57.75,3.6,5.58,0.42,84.46
24.22,31.9,17.38,0.0,58.44,4.09,5.98,1.86,82.39
24.66,33.34,16.52,0.0,55.44,4.02,5.72,1.99,91.68
25.88,34.3,17.4,0.0,55.25,3.69,5.99,1.7,81.06
26.81,35.84,19.88,0.01,66.69,6.45,8.28,5.32,54.47
27.27,35.93,21.14,0.08,68.75,6.59,8.27,5.27,43.58
27.33,36.38,20.68,0.05,63.62,5.59,7.79,3.38,41.19
27.15,36.73,19.71,0.01,60.62,5.86,8.62,2.72,38.61
27.37,36.44,19.41,0.04,66.06,5.02,7.93,1.62,34.87
28.45,36.33,22.21,0.06,69.12,5.35,7.34,3.34,35.71
29.15,36.59,22.94,0.13,68.31,4.33,6.83,1.88,32.92
29.62,37.59,23.64,0.12,66.62,4.95,7.81,1.78,43.27
29.23,36.66,24.37,0.41,70.0,6.17,8.77,4.24,40.11
29.32,36.55,24.38,0.6,71.31,7.72,9.08,5.39,35.88
29.87,36.56,25.51,1.08,71.44,6.76,9.6,2.76,34.98
30.18,37.56,24.65,0.79,63.62,2.52,5.93,0.43,42.33
29.62,37.26,23.8,0.31,67.06,5.05,7.62,3.27,43.52
29.65,37.67,24.27,0.5,67.06,5.49,7.7,2.62,39.75
29.62,36.4,25.01,0.58,72.38,6.28,7.77,5.23,27.96
29.69,36.39,25.01,0.24,71.81,6.98,7.89,5.85,25.23
30.06,36.84,25.65,0.44,71.75,7.68,8.89,6.12,29.47
30.02,36.83,25.73,0.84,71.31,7.0,7.59,6.29,21.65
29.69,36.24,25.31,1.07,71.38,6.64,8.89,4.73,20.49
30.37,37.97,25.93,0.34,68.12,8.38,9.36,7.09,17.62
29.96,37.69,25.08,0.18,66.38,7.75,8.92,6.88,17.63
30.02,37.79,24.98,0.05,65.62,6.88,8.09,4.95,23.73
30.11,38.51,23.83,0.2,65.12,6.16,7.3,5.41,26.85
30.38,38.89,24.24,0.12,64.62,6.84,8.64,5.44,19.72
30.98,39.46,25.0,0.32,64.88,6.47,8.62,3.92,11.15
30.89,38.64,25.47,0.39,67.31,7.35,8.87,6.25,9.95
